tissue_type,common,malignant,major_type,subtype,pannuke_label,hne_type,hne_label,markers,rank_source,low_support
bladder,True,True,Malignant epithelial cells,Basal-like tumor cells,neoplastic,Malignant epithelial cells,malignant_epithelial,"KRT14,KRT5,KRT17,DST,CDH3,TP63,LAMC2,LAMB3,SFRP1,MIA,DSG3",census,False
bladder,True,True,Malignant epithelial cells,Luminal-papillary tumor cells,neoplastic,Malignant epithelial cells,malignant_epithelial,"CDH1,EHF,ELF3,KLF5,PPARG,CLDN4,CLDN7,TACSTD2,KRT8,KRT19,KRT18,AQP3,AGR2,KRT7,FABP4,TSPAN1,S100P,TMEM45B,GATA3,UPK1B,SPINT1,CD24,RAB25,ACSL5,LYPD3,TJP1,UPK1A,EPCAM,FOXA1,SCNN1A,ERBB3,GRHL2,DDR1,ITGB4,GPRC5A,UPK3A,MUC1,CRABP2,ERBB4,FGFR3,AGR3,CEACAM1,EMP2,TJP3,UPK2,CLDN3,KRT23,ERBB2,ESRP2,FASN",census,False
bladder,True,True,Malignant epithelial cells,Luminal-infiltrated tumor cells,neoplastic,Malignant epithelial cells,malignant_epithelial,"GATA3,UPK1A,FOXA1,OAS1,OASL,UPK2,CD58,MX1,KRT20,TNFSF10,OAS2,CXCL11,CXCL10",census,False
bladder,True,True,Malignant epithelial cells,Luminal-unstable tumor cells,neoplastic,Malignant epithelial cells,malignant_epithelial,"GMNN,MCM4,MCM3,STMN1,ORC6,CCNB1,MELK,CDC20,CCNB2,RAD51,KNL1,RRM2,SKA3,KIF2C,BIRC5,CDCA3,CDC25A",census,False
bladder,True,True,Malignant epithelial cells,EMT-like tumor cells,neoplastic,Malignant epithelial cells,malignant_epithelial,"VIM,ZEB1,ZEB2,SNAI1,SNAI2,TWIST1,TWIST2,FN1,COL1A1,COL1A2,COL3A1,COL4A1,COL4A2,COL5A1,COL5A2,COL6A1,COL6A2,COL6A3,COL12A1,COL14A1,MMP2,MMP9,MMP14,MMP3,MMP1,SPARC,ITGA5,ITGA2,ITGA11,ITGB1,ITGB3,TGFBI,SERPINE1,CDH2,PDPN,LOX,LOXL1,LOXL2,LOXL4,PDGFRB,PDGFRA,TGFB1,TGFB2,ACTA2,S100A4,FAP,THBS1,THBS2,GREM1,CXCL12",v3_curated,True
bladder,False,True,Malignant epithelial cells,Neuroendocrine-like tumor cells,neoplastic,Malignant epithelial cells,malignant_epithelial,"BIRC5,TPX2,AURKA,ONECUT2,ASCL1,CGA,PCSK2,SYT4,CHGB,NXPH1,SOX2,INSM1,GABRA5,ELAVL3,CPLX2,SLC18A1,FOXA2,NKX2-1,PHOX2B",census,False
bladder,False,True,Malignant epithelial cells,Cancer stem-like tumor cells,neoplastic,Malignant epithelial cells,malignant_epithelial,"ALDH1A1,ALDH1A3,CD44,CD24,SOX2,SOX4,SOX9,SOX10,PROM1,KLF4,BMI1,NANOG,OCT4,POU5F1,HMGA2,HMGA1,CD133,ITGA6,ITGB1,ITGA7,ITGB4,ITGB8,LGR5,NOTCH1,NOTCH3,DLL4,JAG1,JAG2,HES1,AXL,TGFB1,TGFB2,ZEB1,ZEB2,KLF5,YAP1,CTNNB1,FGF2,FGF10,FGFR1,FGFR2,FZD7,FZD8,WNT5A,WNT3A,CXCR4,SALL4,MSI1,MSI2,GPC3",v3_curated,True
bladder,False,True,Malignant epithelial cells,Mucinous-like tumor cells,neoplastic,Malignant epithelial cells,malignant_epithelial,"MUC2,MUC5AC,MUC5B,MUC6,MUC1,MUC4,MUC13,MUC16,MUC20,MUC21,MUC22,TFF1,TFF2,TFF3,SPINK4,SPINK1,REG4,REG1A,REG1B,REG3A,REG3B,LGALS3,LGALS4,LGALS2,LGALS3BP,AGR2,AGR3,CLCA1,CLCA4,B4GALNT2,GALNT4,GALNT7,GALNT3,GALNT1,FUT2,FUT3,FUT6,SLC26A3,SLC26A4,SLC26A9,SLC34A2,SLC12A2,FCGBP,ZG16,ITLN1,ITLN2,ALDH1A2,B3GNT7,ST6GALNAC1,LYPD8",v3_curated,True
bladder,False,True,Malignant epithelial cells,Carcinoma in situ (CIS)-like tumor cells,neoplastic,Malignant epithelial cells,malignant_epithelial,"TP53,CDKN2A,CDKN1A,GADD45A,GADD45B,GADD45G,BTG2,BTG1,DUSP1,DUSP5,DUSP6,JUN,FOS,FOSB,EGR1,EGR2,EGR3,ATF3,ATF4,ATF6,DDIT3,RHOB,IER3,IER2,IER5,IER5L,NR4A1,NR4A2,NR4A3,TRIB3,TRIB1,TRIB2,PLK3,PMAIP1,BAX,BBC3,BCL2L11,CCNG2,FOSL1,FOSL2,ZFP36,CEBPB,SERTAD1,PPP1R15A,PPP1R15B,TP73,RND3,HSP90AA1,DNAJB1,HSPA1A",v3_curated,True
bladder,False,True,Malignant epithelial cells,Squamous-like tumor cells,neoplastic,Malignant epithelial cells,malignant_epithelial,"TP63,KRT5,KRT14,KRT6A,KRT6B,KRT6C,KRT16,KRT17,DSG3,IVL,SPRR1A,SPRR1B,SPRR2A,SPRR2B,SPRR2D,SPRR2E,S100A7,S100A8,S100A9,S100A14,S100A16,SOX2,TRIM29,KLF4,GADD45G,CIP2A,EPCAM,CD44,CDH1,CDH3,EGFR,NOTCH1,NOTCH2,NOTCH3,HES1,HEY1,HEY2,JAG1,JAG2,DLL1,DLL3,DLL4,IRF6,GRHL3,ZNF750,TP53,RB1,PTEN,MYC,AURKA",v3_curated,True
bladder,False,True,Malignant epithelial cells,Double-negative tumor cells,neoplastic,Malignant epithelial cells,malignant_epithelial,"EZH2,SOX9,TP63,KRT5,KRT14,BCL11A,FOXC1,MYC,YAP1,E2F1,CDC25A,KRT17,CD44,EGFR,RB1,TP53,KLF5,TGFBR2,ZEB1,ZEB2,SNAI1,TWIST1,ARID1A,PTEN,BIRC5,NEK2,AURKA,BUB1,CDCA5,CCNB1,PLK1,RRM2,TOP2A,HELLS,NCAPH,GINS2,HMGA2,CDKN2A,KIF20A,UBE2C,MKI67,CDK1,CDCA8,CENPE,TROAP,NCAPG,MCM2,MCM6,BUB1B,DTL",v3_curated,True
bladder,False,True,Malignant epithelial cells,Micropapillary tumor cells,neoplastic,Malignant epithelial cells,malignant_epithelial,"ERBB2,ERBB3,ERBB4,GRB7,CD24,EPCAM,MUC1,MUC4,KRT7,KRT8,KRT18,KRT19,CLDN3,CLDN4,CLDN7,CLDN8,CLDN12,CDH1,CDH3,VIL1,RAB25,RAB11FIP1,RAB11FIP4,CEACAM5,CEACAM6,TACSTD2,S100P,CAV1,CAV2,ANXA1,ANXA2,TJP1,TJP2,EPC1,ESRP1,ESRP2,TMEM45B,AGR2,AGR3,HSP90AA1,HSPA5,PDLIM7,TSPAN1,TSPAN8,CD9,CD82,GATA3,FOXA1,PPARG,FOLR1",v3_curated,True
bladder,False,True,Malignant epithelial cells,Plasmacytoid tumor cells,neoplastic,Malignant epithelial cells,malignant_epithelial,"CDH1,CDH2,EPCAM,SNAI1,SNAI2,VIM,FN1,ZEB1,ZEB2,SPARC,CLDN1,CLDN3,CLDN4,CLDN5,CLDN7,MMP9,MMP2,MMP14,TGFB1,TGFB2,COL1A1,COL1A2,COL3A1,COL4A1,COL5A1,FAP,PDGFRB,PDGFRA,LOX,LOXL2,SERPINE1,LUM,DCN,ACTA2,TGFBI,ITGA5,ITGA3,ITGA7,ITGB1,ITGB4,TWIST1,TWIST2,CAV1,MSLN,ANXA1,ANXA2,CXCL12,CXCR4,CD44,CD24",v3_curated,True
bladder,False,True,Malignant epithelial cells,Sarcomatoid-like tumor cells,neoplastic,Malignant epithelial cells,malignant_epithelial,"VIM,FN1,COL1A1,COL1A2,COL3A1,COL4A1,COL4A2,COL5A1,COL5A2,COL6A1,COL6A2,COL6A3,COL12A1,COL16A1,COL18A1,SPARC,ZEB1,ZEB2,TWIST1,TWIST2,SNAI1,SNAI2,MMP2,MMP3,MMP9,MMP14,TGFBI,PDGFRA,PDGFRB,LOX,LOXL1,LOXL2,LOXL4,FAP,ACTA2,TAGLN,MYH11,MYH9,CALD1,ITGA5,ITGA2,ITGA11,ITGB1,ITGB3,CXCL12,POSTN,GAS1,IL6,IL11,IL32",v3_curated,True
bladder,True,False,Epithelial cells,Umbrella urothelial cells,epithelial,Epithelial cells,epithelial,"CDH1,ELF3,KLF5,SDC1,CLDN4,PPARG,KRT8,TACSTD2,KRT19,CLDN7,KRT18,KRT7,RAB11FIP1,FABP4,S100P,GATA3,UPK1B,TMEM45B,RAB25,CD24,ESRP1,TJP1,UPK1A,FXYD3,EPCAM,FOXA1,SCNN1A,ERBB3,GRHL2,UPK3A,CD9,SDC4,MUC1,ERBB4,HSD17B2,ERBB2,PRR15,ELF5,CEACAM1,CLDN23,EMP2,TJP3,UPK2,CLDN3,ESRP2,AP1S3,RAB11FIP4,KRT20,SCNN1B,FASN",census,False
bladder,True,False,Epithelial cells,Intermediate urothelial cells,epithelial,Epithelial cells,epithelial,"CDH1,ELF3,KLF5,PPARG,CLDN4,GPX2,TACSTD2,KRT19,KRT8,CLDN7,RAB11FIP1,KRT7,KRT18,FABP4,S100P,TMEM45B,GATA3,KRT13,GRHL3,KRT17,CD24,RAB25,ESRP1,EPCAM,SCNN1A,FOXA1,ARL14,GRHL2,ERBB3,TJP1,MUC1,ERBB4,HSD17B2,TMPRSS11E,FASN,ERBB2,ELF5,TP63,CEACAM1,EMP2,TJP3,KRT80,CLDN3,ESRP2,SCNN1B,FGFBP1,OVOL2,AP1S3,DSG3,MS4A8",census,False
bladder,True,False,Epithelial cells,Basal urothelial cells,epithelial,Epithelial cells,epithelial,"TJP2,KRT15,DSG3,KRT5,KRT23,SFN,ITGA3,ITGA2,CLDN7,LAMC2,ITGA6,KLF5,KRT17,KRT16,TACSTD2,LAMB3,CLDN4,ITGB4,CLDN1",census,False
bladder,True,False,Stromal cells,Detrusor smooth muscle cells,connective,Smooth muscle cells,smooth_muscle,"MYH11,SYNM,ACTG2,CACNA1C,DES,KCNMA1,CACNB2,CNN1,SMTN,MYLK,TPM2,MYL9,LMOD1,TAGLN,TPM1,MYOCD,TNS1,ACTA2,RYR2,CASQ2,PDLIM7,KCNQ5,PDLIM3,CALD1,ITGA7,PPP1R12B,LPP,KCNMB1,LDB3,ACTN2,KCNK3,PPP1R12A,CAV1",census,False
bladder,True,False,Stromal cells,Bladder fibroblasts,connective,Fibroblast-like,fibroblast_like,"DCN,COL6A2,COL1A2,COL6A1,PDGFRA,COL6A3,LUM,MMP2,AEBP1,FBLN5,IGFBP6,FBN1,MFAP4,COL1A1,COL3A1,IGFBP7,FBLN1,COL5A2,FBLN2,COL14A1,SFRP2,PCOLCE2,MATN2,PCOLCE,FN1,PDGFRB,ISLR,TNXB,COL5A1,COL12A1,IGFBP5,MFAP5,CD34,ELN,PTN,CXCL12,COL16A1,ADAMTS2,VIM,VCAN,LOX,ADAMTS4,COL8A1,BGN,THY1,CXCL14,ITGA11,MFAP2,FAP,MMP14",census,False
bladder,True,False,Vascular cells,Bladder endothelial cells,connective,Endothelial cells,endothelial,"PECAM1,VWF,EMCN,ADGRL4,ERG,PLVAP,FLT1,PTPRB,ECSCR,ACKR1,SPARCL1,GNG11,CLEC14A,RAMP3,ENG,TSPAN7,SOX18,CAV1,ESAM,CLDN5,CDH5,RAMP2,EPAS1,HSPG2,RHOJ,TIE1,TEK,KDR,CD34,SELE,NRP1,ROBO4,SOX7,EFNB2,CAV2,DLL4,SOX17,NOTCH4,ICAM2,NRP2,ICAM1,BMX,VCAM1,ANGPT2,MCAM,RBP7,NOS3,HHEX,EDN1,PRKD1",census,False
bladder,True,False,Vascular cells,Lymphatic endothelial cells,connective,Endothelial cells,endothelial,"PTPRB,ENG,KDR,EMCN,COL4A1,NRP2,TEK,COL4A2,NRP1,PECAM1,ESAM,TIE1,RAMP2,EFNB2,RELN,TSPAN7,ITGA9,FLT4,LYVE1,SOX18,MMRN1,GJA4,ADM,AQP1,SOX17,ANGPT2,PDGFB,VEGFC,COL15A1,FOXC1,PROCR,GJA5,FABP4,CCL21",census,False
bladder,True,False,Vascular-associated cells,Pericytes,connective,Pericytes,pericyte,"PDGFRB,NOTCH3,FN1,ABCC9,RGS5,COL4A1,EDNRA,COL4A2,COL18A1,TIMP3,MYL9,CSPG4,MCAM,KCNJ8,SERPINH1,CD248,PRRX1,TAGLN,ACTA2,ITGA7",census,False
bladder,False,False,Neuronal cells,Enteric neurons,background,Neurons,neuron,"ELAVL4,UCHL1,PHOX2B,HAND2,PRPH,TUBB3,DCX,L1CAM,NEFM,GAL,MAP2,SCN9A,TAC3,RET,GABRB3,VIP,NEFL,DLX5,CNTNAP2,SLC18A3,PENK,GRIA2,PTPRN,NOS1,CUX2,HTR3A,TAC1,TH,CNTN2,LMO1,POU3F2,CHAT,SLC17A6,SCN10A",census,False
bladder,False,False,Glial cells,Enteric glial cells,background,Glial cells,glial,"PLP1,S100B,MPZ,PTPRZ1,SPARC,CNP,SOX10,PMP22,NDRG2,ERBB4,ERBB3,DHH,FABP7,AQP4,OLIG2,MAG",census,False
bladder,True,False,Immune cells,Bladder tissue-resident macrophages,inflammatory,Macrophage-like,macrophage_like,"AIF1,TYROBP,MS4A6A,CD163,CD14,FCGR2A,ITGB2,VSIG4,C1QA,MRC1,C1QB,C1QC,STAB1,CSF1R,TGFBI,ITGAX,FCGR3A,ITGAM,MARCO,MSR1,FCGR2B,IL10,CTSB,LYVE1,CLEC4E,SIGLEC1,MMP9,CD163L1,PLAUR,LILRB5,CD68,HCST,SYK,OSM,CXCL16,TREM2,APOE,CCR5,SPP1,CCL18,LPL,CCR2,CTSL,CCL22",census,False
bladder,True,False,Immune cells,Tumor-infiltrating CD8+ T cells,inflammatory,Lymphocytes,lymphocyte,"CXCR4,IL7R,CD2,RUNX3,CD3D,CD3E,STAT4,TRBC2,CD3G,TRAC,TOX,LCK,TRBC1,CD8A,SH2D2A,GZMA,CD28,NKG7,IL2RB,CXCR6,PRF1,CD8B,GZMB,ITGAL,SH2D1A,IL12RB2,CTLA4,STAT5B,GZMK,IRF4,CCR7,CRTAM,IL10RA,TIGIT,CD27,GZMH,PDCD1,IFNG,CXCR3,TBX21,BATF,CD160,GNLY,SELL,FASLG,EOMES,CXCR5,CD244,ZNF683,IL21",census,False
bladder,False,False,Immune cells,Intratumoral plasma cells,inflammatory,Plasma cells,plasma_cell,"MZB1,JCHAIN,DERL3,IGHA1,FKBP11,TENT5C,SEC11C,IGHA2,IGKC,TNFRSF17,CD27,SLAMF7,CD38,PIM2,SSR4,PRDM1,CRELD2,IRF4,IGLC2,SSR3,PDIA6,SEL1L,HSP90B1,SEC61B,PDIA4,XBP1,DERL1,HSPA5,BIRC3,IGLC3,PPIB,IGHG1,IGHG3,CALR,ITM2C,BCL2,CCR10,IGHG4,TXNDC5,IGHG2,DERL2,HYOU1,IGHM,CXCR4,CD19,CD28",census,False
bladder,False,False,Mesothelial cells,Serosal mesothelial cells,epithelial,Mesothelial cells,mesothelial,"COL3A1,SPARC,UPK3B,MYL9,COL1A1,TPM1,TPM2,WT1,PDPN,ALDH1A2,MSLN,CLDN15,KRT18,ANXA2,SLPI,KRT19,KRT8,COL4A2,UPK1B,EZR",census,False
brain,True,True,Malignant glial cells,Classical glioblastoma cells,neoplastic,Glial cells,glial,"ITGA2,ERBB3,FGFR3,ITGB4,NOTCH1",census,True
brain,True,True,Malignant glial cells,Mesenchymal glioblastoma cells,neoplastic,Glial cells,glial,"COL4A5,ITGA2,ANGPTL4,IL1B,IL1A",census,True
brain,True,True,Malignant glial cells,Proneural glioma stem-like cells,neoplastic,Glial cells,glial,"NKX6-2,ERBB3,FGFR3,SOX10,NKX2-2,ITGB4,GPR17,OLIG1",census,False
brain,True,True,Malignant glial cells,Diffuse midline glioma H3K27-altered cells,neoplastic,Glial cells,glial,"FGFR2,COL9A2,OLIG1,SOX10,NKX2-2,ITGB4,OLIG2",census,False
brain,False,False,Progenitor cells,Neural stem/progenitor cells,background,Basaloid progenitor cells,basaloid_progenitor,"SOX2,VIM,TMSB15A,HES6,FABP7,NES,HES5,TOP2A,PAX6,MKI67,SOX3,CD24,HES1,SOX1,CDC20,DLK1,DLX2,ID3,EOMES,MSI1,ID1,ASCL1",census,False
brain,True,False,Neuronal cells,Excitatory glutamatergic neurons,background,Neurons,neuron,"SYT1,GRIN2B,PCLO,SCN2A,HCN1,SNAP25,GRIA1,GRM5,GRIN1,SCN8A,CAMK2B,MAP2,STXBP1,GRIN2A,SHANK2,NRXN1,SCN1A,KCNQ3,CAMK4,CAMK2A,GRIA2,GRIA3,HOMER1,TSPAN7,NRXN3,BSN,BCL11A,GRM1,GRIA4,SV2A,SYT7,KCNQ2,DLG2,SLC8A2,SHANK1,SYT4,NRXN2,KCNH3,NEFL,SATB2,SLC17A7,CTNND2,CUX2,STX1A,BCL11B,NEFM,MAP1B,FOXP1,DLG4,TBR1",census,False
brain,True,False,Neuronal cells,Inhibitory interneurons,background,Neurons,neuron,"GABRB3,GABBR2,GABRB2,GABRG2,GRIK2,KCNC2,GABRG3,NRXN1,KCND2,CNTNAP2,GABRA1,GABRB1,KCNB1,GABRA4,SLC12A5,NRXN3,GABRA2,KCNC1,CCK,CNTNAP1,GABRA3,GABRA5,GABRD,GAD2,GABBR1,GAD1,GRIK1,NTNG1,SCG2,GRIN2D,LAMP5,KCNK3,GPR149,RELN,KCNK4,CALB2,CALB1,SLC32A1,TAC1,LHX6,KIT,SST,CRH,VIP,PVALB,CRHBP,DLX1,HTR2C,GADL1,HTR1A",census,False
brain,True,False,Glial cells,Astrocytes,background,Glial cells,glial,"SLC1A3,MEGF10,FGFR2,GPR37,KCNJ10,SOX10,FGFR3,GPR37L1,PLEKHB1,S100B,ITGB4,SLC14A1,GJA1,SLCO1C1,GFAP,AQP4,ALDH1L1,LIFR,GJB6,ANGPTL4",census,False
brain,True,False,Glial cells,Oligodendrocytes,background,Glial cells,glial,"BCAS1,TMEM144,ST18,UGT8,ENPP2,PLP1,TF,MOBP,FA2H,MOG,QKI,MYRF,TMEM63A,CNP,MAG,SH3TC2,MAL,MBP,FGFR2,ASPA,ERMN,GPRC5B,NKX6-2,OPALIN,GPR37,PPP1R14A,APOD,OLIG1,FGFR3,KLK6,SOX10,PTGDS,NKX2-2,HAPLN2,ERBIN,TMEM125,OLIG2,CLDN11",census,False
brain,True,False,Glial cells,Oligodendrocyte precursor cells,background,Glial cells,glial,"ENPP2,NKX6-2,FGFR2,GPR37,OLIG1,SOX10,FGFR3,NKX2-2,ITGB4,GPR17",census,False
brain,True,False,Vascular cells,Brain endothelial cells,connective,Endothelial cells,endothelial,"FLT1,EPAS1,CLDN5,VWF,ABCB1,ERG,ABCG2,ADGRL4,PECAM1,SLC2A1,ENG,SLC7A5,SLCO2B1,KLF2,MFSD2A,TIE1,CDH5,TEK,ESAM,ROBO4,ICAM2,SLC39A8,NOTCH4,KDR,CLEC14A,CAV1,KLF4,OCLN,DLL4,GATA2,FOXO1,SLC16A1,SOX17,SOX7,PROCR,ICAM1,ANGPT2,ECSCR,CA4,APLNR,APLN,PLVAP,JAM2,SELE,VCAM1",census,False
brain,True,False,Vascular-associated cells,Pericytes,connective,Pericytes,pericyte,"PDGFRB,NOTCH3,FN1,ABCC9,RGS5,COL4A1,EDNRA,COL4A2,COL18A1,TIMP3,MYL9,CSPG4,MCAM,KCNJ8,SERPINH1,CD248,PRRX1,TAGLN,ACTA2,ITGA7",census,False
brain,False,False,Glial cells,Bergmann glia,background,Glial cells,glial,"KCNJ10,SLC1A3,ALDH1L1,ITGB4,S100B",census,False
brain,False,False,Ependymal cells,Tanycytes,background,Ependymal cells,ependymal,"RFX2,SLC1A3,AQP4,RFX4,FOXJ1,GFAP,IFT88,SOX9,TTR,PTPRZ1,LIFR,NOTCH2",census,False
cervix,True,False,Epithelial cells,Reserve basal cells,epithelial,Basaloid progenitor cells,basaloid_progenitor,"ID3,ABCG2,NOTCH3,ITGA7,HES1,DSG3,KRT6A,KRT6B",census,False
brain,False,False,Epithelial cells,Choroid plexus epithelial cells,epithelial,Epithelial cells,epithelial,"TTR,IGFBP7,OTX2,CLIC6,RBP1,SLC13A4,CP,FOLR1,KRT18,BSG,KRT8,CLDN3,ITGA6,COL18A1,CLDN1,SPARC,AQP1,SLC4A5,ENPP2,SLCO1C1,WFDC2,KRT19,CLDN2,VEGFB,SOX9,EPCAM,MUC1,AQP3,KRT7,MSLN,ERBB2,SCGB3A2,LCN2,FOXA2,SCGB2A1",census,False
brain,False,False,Glial cells,Olfactory ensheathing cells,background,Glial cells,glial,"PLP1,MBP,FGFR2,ERBB3,SOX10,ITGB4,GJB1",census,False
brain,True,False,Immune cells,Microglia,inflammatory,Macrophage-like,macrophage_like,"APBB1IP,CSF1R,LYN,LAPTM5,SYK,C1QB,HLA-DRA,C1QC,TYROBP,APOE,HLA-DRB1,CSF3R,C1QA,MSR1,B2M,OLR1,CX3CR1,SLC2A5,P2RY12,ITGB2,ITGAX,GPR34,AIF1,FCER1G,CTSB,VSIG4,APOC1,LCP2,SPI1,TGFBR1,TREM2,IRF8,CD68,LILRB4,P2RY13,REL,CXCL16,CCL4,ABI3,APOC2,IL1B,NLRP3,HLA-DPA1,SIGLEC8,GPNMB,HLA-DPB1,TMEM119,CTSD,PTPN6,IRF5",census,False
brain,False,True,Malignant neuronal cells,Medulloblastoma SHH subtype cells,neoplastic,Embryonal tumor cells,embryonal_tumor,"SOX2,CDK4,SOX9,CCND2,ID3,HES6,HES1,SOX4,CCND1,BRD2,MYC,PARP1,EZH2,DLL3,TP53,BIRC5,TOP2A,MKI67,CDK2,AURKA,PROM1,NEUROD1,NOTCH2,GLI1",census,False
brain,False,True,Malignant embryonal cells,Atypical teratoid rhabdoid tumor cells,neoplastic,Embryonal tumor cells,embryonal_tumor,"SOX2,BCAN,EGFR,CDK4,VEGFA,SOX9,CCND2,PDPN,CD44,SPP1,OLIG2,PDGFRA,CCND1,MMP2,BRD2,POU3F2,SOX4,MYC,EZH2,TP53,TOP2A,SMARCE1,MMP14,CXCL8,SMARCC2,BIRC5,PLAU,CDK2,PROM1,AURKA,HOXA3,MKI67,NGFR,DUSP4,IL6,HOXA2,NANOG,POU5F1,L1TD1",census,False
bone,True,False,Stromal cells,Osteoblasts,connective,Osteoblasts,osteoblast,"COL1A2,COL1A1,LUM,BGN,GJA1,COL3A1,COL6A2,DCN,COL5A2,COL6A1,COL12A1,COL5A1,IBSP,SERPINF1,ALPL,RUNX2,COL11A1,DLX5,ANGPT1,SPP1,PDGFRA,PTH1R,SP7,PDGFRB,DLX3,CTNNB1,ENPP1,THBS1,THBS2,SOX9,ITGB1,SPARCL1,PHEX,BMP2,PHOSPHO1,BGLAP,COL14A1,ITGA11,POSTN,FGFR2,BMP4,BMP7,TNFRSF11B,WNT5A,OGN,VEGFA,WNT10B,MEPE,OSR2,DLX2",census,False
bone,True,False,Stromal cells,Osteocytes,connective,Osteocytes,osteocyte,"SOST,DMP1,PHEX,MEPE,FGF23,PDPN,GJA1,GJA4,ANKH,ENPP1,SLC34A1,SLC34A3,ATP6V0D2,ATP6V1B1,ATP6V1C1,ITGA8,ITGB1,LAMB2,LAMA5,LAMC1,VEGFA,VEGFB,LRP4,LRP5,LRP6,TNFRSF11B,TMEM119,SPP1,IBSP,BGLAP,COL1A1,COL1A2,COL5A1,COL5A2,FAM20C,CA2,CA12,CKB,SPARCL1,CLDN11,FOXC2,SOX6,SOX9,RUNX2,ATF4,CTNNB1,TLE4,FGF2,BMP7,GDF10",v3_curated,True
bone,True,False,Stromal cells,Bone lining cells,connective,Fibroblast-like,fibroblast_like,"SPARC,DCN,MGP,SERPINF1,LAMA4,PDGFRA,LUM,TIMP3,POSTN,LAMC1,LOXL2,MFAP2,LAMB1,COL14A1,ELN,LOX,THY1,AEBP1,S100A10,PDGFRB,MYL9,MFAP5,NRP1,ITGB1,SMOC2,NOTCH3,PDPN,COL15A1,CAV1,ACTA2,ITGB5,TJP1,SFRP1,ADAMTS2,NRP2,SFRP4,TAGLN,VEGFA,VCAM1,ADAMTS12,PTGIS,ANGPT1,WIF1,HEYL,EDNRA,ITGA11,PLXNA2,GREM2,EDNRB",census,False
bone,True,False,Mesenchymal cells,Bone marrow mesenchymal stromal cells,connective,Fibroblast-like,fibroblast_like,"COL1A2,COL3A1,SPARC,COL6A1,COL6A2,COL5A2,COL1A1,FN1,DCN,COL5A1,SERPINF1,DLK1,VCAN,PTN,PDGFRA,LUM,ITGB1,CXCL12,LOXL2,LOX,NID1,THY1,FBLN1,PDGFRB,CD248,MFAP5,SFRP2,FBLN2,NOTCH3,PDPN,NT5E,NID2,BMP4,TGFB3,ENG,ADAMTS2,ALDH1A3,SFRP4,CXCL14,VCAM1,WNT5A,LEPR,SLIT2,SOX9,ANGPT1,MCAM,GAS6,RUNX2,HEY1,PPARG",census,False
bone,True,False,Vascular cells,Bone marrow endothelial cells,connective,Endothelial cells,endothelial,"FLT1,KDR,NRP1,GNG11,CDH5,ADGRL4,PLVAP,RAMP2,ESAM,CLDN5,CLEC14A,TIE1,PECAM1,EMCN,EPAS1,NRP2,CD93,TEK,ENG,ERG,PROCR,ROBO4,BCAM,SOX7,DLL4,VWF,ICAM2,SOX17,CD34,TMEM204,RBP7,HEY1,FOXO1,JAG1,DNASE1L3,ANGPT2,VCAM1,NOS3,SELE,RAMP3,HEY2,APLN,SLC16A1,SPARCL1,PRKAA2",census,False
bone,True,False,Progenitor cells,Hematopoietic stem and progenitor cells,background,Hematologic blasts,hematologic_blast,"CDK6,SOX4,CD34,MSI2,LMO2,GATA2,HHEX,LYL1,HOXA9,NRIP1,HOXA10,KIT,ANGPT1,TAL1,PROM1,FLT3,RUNX1,PBX1,MEIS1,HOXA7,HOXB4,NUP98,HOXA5,DNMT3A,HLF,MEF2C,MPL,ROBO4,HOXB6,CCND2,TEK",census,False
bone,True,False,Immune cells,Osteoclasts,inflammatory,Osteoclasts,osteoclast,"MMP9,ACP5,CTSK,CSTB,ATP6V1C1,CSF1R,ITGAV,ATP6V0D2,MMP14,CA2,LGALS3,SPI1,FOSL2,ATP6V1H,NFATC1,MITF,TNFRSF11A,SQSTM1,TYROBP,CCR1,CTSB,CTSL,OSCAR,OSTM1,OCSTAMP,ITGB5,ITGB3,DCSTAMP,SIRPA,CLCN7,ACP2,LILRB4,CALCR,SH3BP2",census,False
bone,True,True,Malignant mesenchymal cells,Osteosarcoma (osteoblastic) tumor cells,neoplastic,Osteoblasts,osteoblast,"COL1A2,COL1A1,SPARC,CDH11,COL3A1,COL5A2,COL5A1,IBSP,MMP2,ALPL,COL11A1,RUNX2,DLX5,SPP1,SATB2,MMP13,FGFR1,LOX,SP7,SNAI2,PDGFRB,DLX3,CTSK,ITGB1,HEY1,HEY2,SOX9,ADAMTS2,MCAM,CXCL12,MMP9,BGLAP,ITGA11,POSTN,TWIST1,FGFR2,VEGFA,AXL,PDPN,ADAM9,CDK4,WNT7B",census,False
bone,True,False,Immune cells,Osteal macrophages,inflammatory,Macrophage-like,macrophage_like,"TYROBP,S100A9,S100A8,CD68,SPI1,CD14,CLEC7A,FCGR2A,CSF1R,CD163,TLR2,HMOX1,CD1D,TLR4,VSIG4,MARCO,CCR2,C1QA,ITGAX,C1QC,C1QB,MSR1,IL10,MRC1,SIGLEC1,LYVE1,TREM2,CD209",census,False
bone,False,False,Stromal cells,Hypertrophic chondrocytes,connective,Chondrocytes,chondrocyte,"COL2A1,COL9A1,COL9A3,COL9A2,ACAN,COL11A2,COMP,MATN3,SOX9,COL27A1,MATN1,ITGA10,COL15A1,FRZB,SOX5,COL1A2,FGFR3,SOX6,GDF5,MMP13,FGFR2,COL1A1,DLX5,ANGPTL4,PTH1R,SPP1,SMO,SFRP2,POSTN,BMP2,IBSP,COL10A1,WNT5A,ITGB1,SP7,IHH,VEGFA,FGF18,DLX6",census,False
bone,True,False,Stromal cells,Bone marrow adipocytes,connective,Adipocytes,adipocyte,"CXCL12,VCAM1,LPL,PLPP3,PDGFRB,THY1,PDGFRA,ANGPTL4,KITLG,SERPINF1,PPARG,SFRP1,ADIRF,TMEM26,RXRG,PLIN1,DKK1,ADIPOQ",census,False
bone,True,True,Malignant mesenchymal cells,Chondrosarcoma tumor cells,neoplastic,Chondrocytes,chondrocyte,"COL2A1,COL9A1,COL9A3,COL9A2,ACAN,COL11A2,COMP,MATN3,S100B,SOX9,COL27A1,COL3A1,ITGA10,S100A10,PDPN,LOXL2,SOX5,COL6A3,SNAI2,FGFR3,LOX,GDF5,MMP13,COL5A2,HAS2,COL1A1,RUNX2,ANGPTL4,SOX6,VEGFA,PTCH1,SMO,BMP2,COL10A1,ITGB1,NKX3-2,IHH,PTHLH,BMP7,GLI2,FGF18",census,False
bone,True,True,Malignant mesenchymal cells,Ewing sarcoma tumor cells,neoplastic,Embryonal tumor cells,embryonal_tumor,"EWSR1,FLI1,ERG,NKX2-2,SOX2,PRKCB,NR0B1,CCND1,IGF1,IGF1R,CXCR4,CXCR7,STEAP1,STEAP2,GLI1,DKK2,KDM5B,EZH2,BCL11B,MYC,TERT,FGFR1,FGFR2,CD99,L1CAM,CAV1,PTPRZ1,NKX2-1,ETS1,FOXO1,SPRY1,GAB1,CDK4,CDK6,BIRC5,MKI67,TOP2A,PCNA,PARP1,BRD4,CCNB1,CCNE1,PLXNA2,TNC,COL1A1,COL3A1,MMP1,MMP2,MMP9,LOX",v3_curated,True
bone,False,True,Malignant stromal cells,Giant cell tumor stromal cells,neoplastic,Fibroblast-like,fibroblast_like,"COL1A2,SPARC,COL1A1,FN1,VCAN,MMP14,POSTN,CTSK,LOXL2,LOX,THY1,ITGB1,NRP1,CDH11,AXL,PDPN,IGF1,ITGAV,BMP4,ANGPTL4,NRP2,ADAMTS2,CSF1,FGF18,ALPL,MMP13,KITLG,PDGFA,HEY1,SP7,RUNX2,ITGA11,ITGB3,BMP2,TNFSF11,CCL2,ADAMTS14,VEGFA",census,False
bone,False,True,Malignant epithelial cells,Chordoma tumor cells,neoplastic,Malignant epithelial cells,malignant_epithelial,"T,SOX5,SOX6,SOX9,FOXA2,FOXC1,SHH,GLI1,GLI2,PTCH1,SMO,KRT8,KRT18,KRT19,KRT7,KRT20,EPCAM,CDH1,MUC1,SPP1,EGFR,ERBB2,PDGFRB,PDGFRA,VEGFA,VEGFC,BCL2,STAT3,FGFR1,FGFR2,LGALS3,COL2A1,ACAN,LAMC2,LAMB3,LAMA3,ITGA6,ITGB1,ITGB4,CXCL8,CCL2,SOX4,SNAI1,SNAI2,TWIST1,ZEB1,ZEB2,MMP2,MMP9,MMP14",v3_curated,True
bone,False,True,Malignant epithelial cells,Adamantinoma tumor cells,neoplastic,Malignant epithelial cells,malignant_epithelial,"KRT5,KRT14,KRT8,KRT18,KRT19,TP63,EPCAM,TACSTD2,CDH1,CDH3,EGFR,ERBB2,FGFR2,FGFR3,MSLN,ITGA6,ITGB4,ITGA3,LAMC2,LAMB3,SPP1,SPARC,RUNX2,SP7,BGLAP,SATB2,MMP2,MMP9,MMP14,VEGFA,PDPN,SOX2,SOX9,NOTCH1,JAG1,CTNNB1,AXL,ITGA5,ITGB1,COL1A1,COL3A1,COL5A1,FN1,VCAN,CD44,VIM,SNAI1,SNAI2,ZEB1,ZEB2",v3_curated,True
bone,True,True,Malignant hematologic cells,Multiple myeloma plasma cells,neoplastic,Hematologic blasts,hematologic_blast,"STAT5A,CCND2,PDIA3,HSPA9,SPP1",census,True
bone,True,True,Metastatic epithelial cells,Breast carcinoma bone metastasis cells,neoplastic,Malignant epithelial cells,malignant_epithelial,"EPCAM,KRT8,KRT18,KRT19,MUC1,MUC16,ERBB2,ERBB3,ESR1,PGR,GATA3,FOXA1,AGR2,AGR3,CEACAM5,CEACAM6,CLDN3,CLDN4,CLDN7,S100A7,S100A8,S100A9,ITGA5,ITGB3,ITGB4,ITGA6,CXCR4,CCR7,PTHLH,IL11,SPP1,CTGF,RUNX2,BMP2,VEGFA,MMP1,MMP9,MMP13,LOX,L1CAM,VCAM1,FGFR1,FGFR2,PDGFRB,PDGFRA,TWIST1,SNAI1,SNAI2,ZEB1,ZEB2",v3_curated,True
bone,True,True,Metastatic epithelial cells,Prostate carcinoma bone metastasis cells,neoplastic,Malignant epithelial cells,malignant_epithelial,"KLK3,KLK2,FOLH1,AR,NKX3-1,HOXB13,TMPRSS2,ACPP,AMACR,SPP1,SPARC,BGLAP,RUNX2,ATF4,CTSK,MMP9,ITGB3,ITGA5,ITGA6,PTH1R,BMP7,TGFBR2,VEGFA,IL6,IL11,STAT3,FGFR1,PDGFRB,VCAM1,CAV1,CDH11,CD44,CXCR4,IGF1,IGF1R,PTEN,PIK3CA,AKT1,FOXA1,FOXP1,ETS1,ERG,SOX9,SOX2,GATA2,PLA2G7,NRP1,NRP2,ANGPTL4,LOX",v3_curated,True
bone,True,True,Metastatic epithelial cells,Lung adenocarcinoma bone metastasis cells,neoplastic,Malignant epithelial cells,malignant_epithelial,"EPCAM,KRT8,KRT18,KRT19,ALDH1A1,SLC34A2,MUC1,CEACAM5,NKX2-1,SOX2,EGFR,ERBB2,MET,KRAS,PIK3CA,VIM,SNAI2,ZEB1,ITGA5,ITGB3,CXCL8,CXCL1,CXCR4,SPP1,SPARC,CTGF,PTHLH,VEGFA,ANGPTL4,MMP1,MMP2,MMP9,LOX,IL6,IL11,TGFB1,PDGFRB,VCAN,POSTN,MSLN,WFDC2,FGFR1,FGFR2,AXL,RET,ROS1,ALK,CDH1,CLDN18,ITGB4",v3_curated,True
bone,True,True,Malignant hematologic cells,Acute lymphoblastic leukemia bone marrow blasts,neoplastic,Hematologic blasts,hematologic_blast,"CDK6,CD34,PCNA,PARP1,MYC,SPN,HHEX,CCND2,XRCC6,HOXA9,STAT5A,KIT,FLT3,PBX1,BIRC5,MEIS1,CDK2,RAD51,LAIR1,E2F1,CRLF2",census,False
cervix,True,True,Malignant epithelial cells,Cervical squamous cell carcinoma cells,neoplastic,Malignant epithelial cells,malignant_epithelial,"TP63,KRT5,KRT14,KRT6A,KRT6B,KRT6C,KRT16,KRT17,KRT15,KRT1,KRT2,DSG3,DSG2,DSG1,DSC2,DSC1,IVL,LOR,FLG,SPRR1A,SPRR1B,SPRR2A,SPRR2D,SPRR2E,SPRR2G,S100A7,S100A8,S100A9,S100A14,S100A16,PI3,PERP,CLDN1,CLDN4,CLDN7,KLF4,SOX2,SOX4,EGFR,AREG,TGFA,ITGA6,ITGB4,ITGA3,ITGA2,ITGA5,ITGA7,ITGB1,ITGB6,CDH3",v3_curated,True
cervix,True,True,Malignant epithelial cells,Cervical adenocarcinoma cells,neoplastic,Malignant epithelial cells,malignant_epithelial,"MUC5B,MUC5AC,MUC4,MUC1,MUC16,MUC20,MUC13,MUC17,MUC3A,TFF1,TFF2,TFF3,PAX8,PAX2,SOX17,SOX9,FOXA1,FOXA2,HNF1B,HNF4G,KRT7,KRT8,KRT18,KRT19,KRT20,KRT23,EPCAM,TACSTD2,CEACAM5,CEACAM6,CEACAM1,CEACAM7,AGR2,AGR3,SPDEF,SPINK1,SLPI,WFDC2,SCGB2A1,SCGB2A2,SCGB1A1,GPX2,ANXA1,ANXA2,FOLR1,RET,CD24,CDH1,ESR1,GATA3",v3_curated,True
cervix,False,True,Malignant epithelial cells,Cervical small cell neuroendocrine carcinoma cells,neoplastic,Malignant epithelial cells,malignant_epithelial,"CHGA,CHGB,SYP,INSM1,ASCL1,POU2F3,NCAM1,NCAM2,CALCA,CALCB,PCSK1,PCSK2,SCG2,SCG3,SCG5,TPH1,GRP,GRPR,DLL3,DLK1,PEG10,STMN2,STMN1,ELAVL3,ELAVL4,ISL1,PHOX2B,PHOX2A,NEFM,NEFL,NEFH,DCX,TUBB3,MAP2,SRRM4,AURKA,MYCN,MYCL,EZH2,BIRC5,MKI67,TP53,RB1,SOX2,SOX11,SOX4,NEUROD1,NEUROD2,NEUROG3,HES6",v3_curated,True
cervix,True,False,Epithelial cells,Ectocervical squamous cells,epithelial,Epithelial cells,epithelial,"CLDN4,SLPI,PERP,TACSTD2,DSC2,S100A14,PKP3,OVOL1,KLK7,OVOL2,CXCL14,CLDN1,ZNF750,CXCL17,KRT5,KLK5,EVPL,PPL,KRT15,KRT17,GJB6,TGM1,KRT6A,KRT14,KRT16,CALML5,GRHL3,KRT78,KRT24,DSC1,SPRR2F,KRT6B,KRT79,IL36G,DSG1,SPRR2D,KRT6C,IVL,SPRR1A,SPRR2E,SPRR2A,SPRR1B,DSG4,SPRR3",census,False
cervix,True,False,Epithelial cells,Squamocolumnar junction cells,epithelial,Epithelial cells,epithelial,"CLDN3,CLDN4,WFDC2,EPCAM,KRT18,KRT8,CD24,SLPI,KRT19,MUC1,SOX17,SCGB2A1,CLDN7,PAX8,SCNN1A,SLC34A2,KRT7,TACSTD2,MSLN,FOLR1,MUC16,ERBB3,OCLN,FGFR2,LAMC2,LAMB3,ERBB4,SOX9,ITGB4,SPDEF,LEFTY1,SCGB2A2,MUC20,CXCL17,CLDN1,KRT23,SCNN1G,TJP1,POU2F3,AGR2,ANXA1,FGFR4,SCGB1A1,CLDN8,ITGA6,SPINK1",census,False
cervix,True,False,Epithelial cells,Endocervical secretory cells,epithelial,Epithelial cells,epithelial,"CLDN3,WFDC2,CLDN4,KRT18,EPCAM,KRT8,SLPI,MUC1,SOX17,SCGB2A1,CD24,CLDN7,PAX8,SLC34A2,KRT7,TACSTD2,MSLN,FOLR1,MUC16,ERBB3,OCLN,PAX2,FGFR2,ATP1B1,ERBB4,ERBB2,KRT19,HNF1B,MUC15,SOX9,SPDEF,TJP3,SCGB2A2,FOXA2,MUC20,CXCL17,SLC5A1,ATP1A1,OVGP1,TSPAN8,HNF4G,FOXA1,SPINK1,SCGB1A1,CLDN8,WFDC8,HNF1A,BPIFB1,MUC3A,REG4",census,False
cervix,True,False,Stromal cells,Cervical fibroblasts,connective,Fibroblast-like,fibroblast_like,"COL1A1,DCN,COL6A2,COL1A2,COL6A3,LUM,COL3A1,COL5A2,COL5A1,COL6A1,SPARC,MMP2,VCAN,PCOLCE,AEBP1,THBS2,FN1,SERPINF1,THY1,BGN,COL12A1,PDGFRA,EMILIN1,PDGFRB,LOX,FBLN1,LAMB1,SFRP4,LOXL2,MFAP2,ADAMTS12,LAMA4,COL8A1,MMP14,NID1,CXCL12,COL11A1,PDPN,COL14A1,LAMA2,TIMP1,COL16A1,ITGA5,ITGA11,LOXL1,NID2,TIMP3,WNT5A,FBLN5,SFRP1",census,False
cervix,True,False,Stromal cells,Cervical smooth muscle cells,connective,Smooth muscle cells,smooth_muscle,"DES,ACTG2,TAGLN,ACTA2,MYLK,CNN1,MYH11,TPM2,MYL9,CACNA1C,PTGER3,PRKG1,LMOD1,PDE1C,CACNB2",census,False
cervix,True,False,Vascular cells,Cervical endothelial cells,connective,Endothelial cells,endothelial,"VWF,PECAM1,CALCRL,CLDN5,FLT1,CLEC14A,GNG11,RAMP2,SPARCL1,ESAM,CD34,ENG,ECSCR,PLVAP,ACKR1,ERG,EPAS1,JAM2,KDR,CDH5,TIE1,RAMP3,S1PR1,HSPG2,ICAM2,CAV1,KLF2,ICAM1,ROBO4,TEK,CAV2,SELE,SOX7,NOTCH4,APOLD1,DLL4,PROCR,ANGPT2,SPNS2,FLT4,NOTCH1,VCAM1,COL4A1,BMX,KLF4,BMP6,ESM1,EFNB2,NRP1,SEMA3G",census,False
heart,False,True,Malignant stromal cells,Cardiac angiosarcoma cells,neoplastic,Malignant endothelial cells,malignant_endothelial,"PECAM1,VWF,CDH5,ERG,ETS1,SOX7,SOX17,KDR,FLT1,TEK,TIE1,ANGPT2,ANGPTL4,MCAM,CD34,ESAM,PLVAP,SPARC,COL1A1,COL3A1,MMP2,MMP9,TGFB1,VEGFA,PDGFB,ICAM1,VCAM1,SELE,CAV1,CAV2,RHOJ,NRP1,NRP2,CLDN5,ITGA5,ITGB1,S100A10,ANXA2,ROBO4,CXCL8,IL6,EGR1,FOSL1,FLI1,ETS2,SOX18,ESM1,COL18A1,ANGPTL2,KLF2",v3_curated,True
heart,False,True,Malignant muscle cells,Cardiac rhabdomyosarcoma cells,neoplastic,Malignant muscle cells,malignant_muscle,"MYOD1,MYOG,PAX3,PAX7,DES,ACTA1,ACTN2,MYH2,MYH3,MYH7,MYL1,MYL2,MYL3,TTN,TPM1,TPM2,TPM3,TNNI2,TNNT2,TNNC2,CKM,NEB,DMD,LMOD3,CAPN3,RYR1,RYR2,IGF2,FGFR4,ALK,MYCN,SOX8,SOX10,FOXO1,ETV4,ETV5,CAV3,ITGA7,ITGB1,SPP1,STAT3,IL6,MYF5,MEF2C,MEF2D,HAND2,NKX2-5,TBX2,TBX3,SIX1",v3_curated,True
heart,True,False,Cardiomyocytes,Ventricular working cardiomyocytes,connective,Cardiomyocytes,cardiomyocyte,"ACTC1,MYL3,TPM1,CSRP3,TNNT2,MYL2,PLN,TNNI3,LRRC10,TPM2,MYH7",census,False
heart,True,False,Cardiomyocytes,Atrial cardiomyocytes,connective,Cardiomyocytes,cardiomyocyte,"MYL4,MYL7,ACTC1,TNNT2,PLN,NPPA,TNNI3,LRRC10,PITX2,SHOX2",census,False
heart,True,False,Cardiomyocytes,Pacemaker/conduction cardiomyocytes,connective,Cardiomyocytes,cardiomyocyte,"NPPA,SHOX2,ISL1,CACNA1G,HCN4",census,True
heart,True,False,Stromal cells,Cardiac fibroblasts,connective,Fibroblast-like,fibroblast_like,"DCN,FBN1,COL5A2,COL15A1,COL1A2,VCAN,FBLN1,COL6A2,ELN,COL6A1,LUM,COL5A1,FBLN2,COL12A1,PDGFRA,FN1,PTN,MMP2,COL3A1,MFAP4,FAP,ISLR,LOX,TNC,ITGA11,COL1A1,MATN2,COL14A1,LOXL1,SFRP2,MMP3",census,False
heart,True,False,Stromal cells,Activated cardiac myofibroblasts,connective,Fibroblast-like,fibroblast_like,"COL6A3,COL5A2,COL1A2,FBLN1,TNXB,FBLN2,COL5A1,COL12A1,PDGFRA,MMP2,COL3A1,LOX,COL1A1",census,False
heart,True,False,Vascular cells,Coronary endothelial cells,connective,Endothelial cells,endothelial,"VWF,FLT1,PTPRB,PECAM1,ENG,ADGRL4,EPAS1,CDH5,KLF2,CLEC14A,CAV1,ERG,CLDN5,GNG11,ICAM2,TEK,ESAM,NOTCH4,RAMP2,TIE1,EFNB2,SPARCL1,RBP7,KDR,KLF4,TSPAN7,ECSCR,DLL4,SOX7,RHOJ,HEY1,PLVAP,CD34,EDN1,ACKR1,HHEX,APLN",census,False
heart,True,False,Vascular cells,Endocardial endothelial cells,connective,Endothelial cells,endothelial,"FLT1,EMCN,PECAM1,ADGRL4,EPAS1,ENG,CDH5,ERG,KLF2,CLDN5,RAMP3,ICAM2,ESAM,RAMP2,TIE1,KDR,ROBO4,KLF4,TEK,SOX17,DLL4,NOTCH1,HEY1,CXCL12,PLVAP,EDN1,FOXC1,VCAM1",census,False
heart,True,False,Vascular-associated cells,Cardiac pericytes,connective,Pericytes,pericyte,"PDGFRB,NOTCH3,ABCC9,RGS5,KCNJ8,GUCY1B1,GUCY1A1,ACTA2",census,False
heart,True,False,Immune cells,Cardiac macrophages,inflammatory,Macrophage-like,macrophage_like,"CD163,F13A1,CTSB,MRC1,MSR1,HLA-DRA,FCGR2A,CD14,STAB1,VSIG4,C1QA,CSF1R,AIF1,LYVE1,C1QB,MAFB,TLR2,HLA-DPB1,HLA-DPA1,C1QC,FCGR3A,CD68,ITGAM,COLEC12,SIGLEC1,MARCO,MS4A7,CSF3R,CXCL16,CCR1,TLR4,TGFB1,ITGAX,NLRP3,IL10,CTSL,SPP1,TREM2,APOE,P2RY13,APOC1,CX3CR1,TIMP2,CCR2,CCR5,GPNMB",census,False
kidney,True,True,Malignant epithelial cells,Clear cell renal cell carcinoma cells,neoplastic,Malignant epithelial cells,malignant_epithelial,"NDUFA4L2,ANGPTL4,NNMT,VEGFA,PLIN2,EGLN3,VIM,SLC16A3,CA9,PKM,KRT8,BNIP3,LOX,SLC2A1,KRT18,SPP1",census,False
kidney,True,True,Malignant epithelial cells,Papillary renal cell carcinoma cells,neoplastic,Malignant epithelial cells,malignant_epithelial,"S100A10,ANXA4,PDK1,KRT18,LRRC15",census,False
kidney,True,True,Malignant epithelial cells,Chromophobe renal cell carcinoma cells,neoplastic,Malignant epithelial cells,malignant_epithelial,"MGST1,S100A1,DSG2,KCNMA1,DSC2",census,True
kidney,True,True,Malignant epithelial cells,Collecting duct carcinoma cells,neoplastic,Malignant epithelial cells,malignant_epithelial,"FN1,VIM,IL6,KRT19,CXCL5",census,False
kidney,True,False,Glomerular cells,Podocytes,background,Podocytes,podocyte,"PTPRO,NPHS2,PODXL,NPHS1,WT1,PLCE1,DACH1,TGFBR3,VEGFA,MAGI2,COL4A3,MYO1E,ITGA3,KIRREL1,COL4A4,SYNPO,CRB2,PDLIM2,ACTN4,INF2,TRPC6,FAT1,COL4A5,TNS2,FOXC2,LAMA5,KIRREL2,CD2AP",census,False
kidney,True,False,Stromal cells,Mesangial cells,connective,Mesangial cells,mesangial,"COL1A1,COL3A1,TNC,PDGFRA,EDNRA,COL5A1,COL5A2,MMP2,COL6A2",census,False
kidney,True,False,Vascular cells,Glomerular endothelial cells,connective,Endothelial cells,endothelial,"EMCN,FLT1,EPAS1,PECAM1,TEK,RAMP3,PLVAP,ERG,RAMP2,KDR,GNG11,CDH5,ROBO4,TIE1,ESAM,CLEC14A,CLDN5,ICAM2,KLF2,VWF,SPARCL1,ECSCR,RBP7,DLL4,SEMA3G,GJA5,SOX17,SOX7,ACKR1,SELE,NRP2",census,False
kidney,True,False,Vascular cells,Peritubular capillary endothelial cells,connective,Endothelial cells,endothelial,"EMCN,FLT1,EPAS1,PECAM1,ENG,TEK,CD34,RAMP3,PLVAP,RAMP2,KDR,GNG11,CDH5,ROBO4,TIE1,ESAM,ICAM2,CLDN5,VWF,SPARCL1,SLC14A1,ECSCR,DLL4,SEMA3G,SELP,ACKR1,GJA4",census,False
kidney,True,False,Epithelial cells,Proximal tubule S1/S2 cells,epithelial,Epithelial cells,epithelial,"GPX3,SLC3A1,LRP2,PDZK1,CUBN,ALDOB,GATM,SLC16A9,PCK1,SLC22A2,SLC13A3,SLC5A12,ANPEP,SLC47A1,SLC22A6,ATP1B1,SLC4A4,ATP1A1,SLC22A8,SLC17A3,SLC34A1,SLC47A2,SLC22A12,SLC5A2,CLDN2,SLC6A19,SLC7A9,SLC22A11,ACE2,FBP1,ENPEP,SLC5A11,SLC34A3,SLC7A13,SLC17A2",census,False
kidney,True,False,Epithelial cells,Thick ascending limb cells,epithelial,Epithelial cells,epithelial,"CLDN10,KCNJ16,SPP1,SLC12A1,PDZK1IP1,UMOD,CASR,FXYD2,KCNJ15,ATP1B1,ATP1A1,WNK4,CLDN16,HNF1B,KCNJ1,IRX2,TMEM52B,CLDN19,KCNJ10,IRX1",census,False
kidney,True,False,Epithelial cells,Distal convoluted tubule cells,epithelial,Epithelial cells,epithelial,"PTH1R,KCNJ16,PDZK1IP1,FXYD2,CASR,ATP1B1,ERBB4,ATP1A1,WNK4,KL,SLC12A3,CLDN14,HNF1B,KCNJ10,CLCNKA,TRPM6",census,False
kidney,True,False,Epithelial cells,Collecting duct principal cells,epithelial,Epithelial cells,epithelial,"SPP1,CLDN10,ATP1B1,ATP1A1,KCNJ1,KCNK5,PAX8,HNF1B,TMPRSS4,KCNJ10,AQP4",census,False
kidney,True,False,Epithelial cells,Collecting duct intercalated cells,epithelial,Epithelial cells,epithelial,"SLC4A4,KCNK5,PAX8,KCNJ10,CLCNKA,TFCP2L1",census,False
kidney,True,False,Vascular-associated cells,Juxtaglomerular renin cells,connective,Perivascular cells,perivascular,"REN,TH,PTGS2,PTGER2,PTGER3,AGTR1,AGTR2,AXL,EYA1,EYA2,DLL4,NOTCH3,GATA3,ETV1,NR4A2,NR4A3,DLL1,HEY1,HEY2,MCAM,PDGFRB,ACTA2,MYH11,CNN1,TAGLN,SMTN,CALD1,PRKG1,PRKG2,PDE1A,PDE3A,ADCY3,ADCY7,CAMK2D,RGS2,RGS4,NPR1,NPR3,NPPA,NR3C2,SGK1,EDN1,ADM,EDNRB,GUCY1A1,GUCY1B1,KCNJ5,KCNK3,HIF1A,VEGFA",v3_curated,True
kidney,True,False,Immune cells,Renal resident macrophages,inflammatory,Macrophage-like,macrophage_like,"AIF1,HLA-DRA,HLA-DPA1,HLA-DPB1,SPI1,MS4A7,CSF1R,CTSB,FCGR2A,CD14,CLEC7A,PLAUR,MAFB,C1QA,FCGR3A,C1QB,C1QC,CD163,TNFSF13B,ITGAX,STAB1,IRF8,VSIG4,MRC1,SIGLEC10,F13A1,TREM2,ITGAM,CX3CR1,LYVE1,MARCO,TGFB1,MSR1,IL10,CCR2,SIGLEC1,CD209",census,False
breast,True,True,Malignant epithelial cells,Luminal A tumor cells,neoplastic,Malignant epithelial cells,malignant_epithelial,"KRT18,KRT8,KRT7,KRT19,EHF,ANKRD30A,SLC34A2,MUC1,TOX3,CA12,XBP1,SLC39A6,CYP24A1,AQP3,FOXA1,PRLR,CITED1,AGR2,PIP,MAPT,TFF1,TFAP2C",census,False
breast,True,True,Malignant epithelial cells,Luminal B tumor cells,neoplastic,Malignant epithelial cells,malignant_epithelial,"KRT18,KRT8,KRT19,FOXA1,PGR",census,True
breast,True,True,Malignant epithelial cells,HER2-enriched tumor cells,neoplastic,Malignant epithelial cells,malignant_epithelial,"GRB7,ERBB3,MIEN1,ERBB2,ERBB4",census,True
breast,True,True,Malignant epithelial cells,Basal-like tumor cells,neoplastic,Malignant epithelial cells,malignant_epithelial,"KRT14,KRT5,KRT17,DST,CDH3,TP63,LAMC2,LAMB3,SFRP1,MIA,DSG3",census,False
breast,False,True,Malignant epithelial cells,Neuroendocrine-like tumor cells,neoplastic,Malignant epithelial cells,malignant_epithelial,"BIRC5,TPX2,AURKA,ONECUT2,ASCL1,CGA,PCSK2,SYT4,CHGB,NXPH1,SOX2,INSM1,GABRA5,ELAVL3,CPLX2,SLC18A1,FOXA2,NKX2-1,PHOX2B",census,False
breast,True,True,Malignant epithelial cells,Claudin-low tumor cells,neoplastic,Malignant epithelial cells,malignant_epithelial,"ACTA2,ITGB1,SFRP1,TNC,SNAI2",census,True
breast,True,True,Malignant epithelial cells,Invasive Lobular Carcinoma (ILC) tumor cells,neoplastic,Malignant epithelial cells,malignant_epithelial,"ELF3,KRT18,KRT8,KRT19,CDH1,EHF,RUNX1,ANKRD30A,MUC1,CA12,MIR205HG,TOX3,XBP1,PIP,SLC39A6,FOXA1,PRLR,CITED1,TFF1,MAPT",census,False
breast,True,False,Stromal cells,Fibroblasts,connective,Fibroblast-like,fibroblast_like,"DCN,FBLN1,LUM,MMP2,SERPINF1,COL6A1,COL1A2,MFAP4,COL14A1,TIMP1,COL6A3,TIMP2,DPT,FN1,COL1A1,FBLN2,BGN,PDGFRA,COL3A1,FBLN5,CXCL12,PCOLCE2,SPARC,VCAN,NID1,PDGFRB,LAMA2,VIM,THY1,S100A4,LOX,ANGPTL2,ADAMTS2,FAP,CTHRC1,GREM1,MMP3",census,False
breast,True,False,Stromal cells,Adipocytes,connective,Adipocytes,adipocyte,"PPARG,PLIN1,AQP7,ADIPOQ,ADH1B,LIPE,PLIN4,LPL,CIDEC,CIDEA,PLIN5,PNPLA2,CAV2,ACACA,LEP,ADIPOQ-AS1,DGAT2,ADIPOR2,KLF15,ANGPTL4,AGPAT2,PCK1,FABP4,PPARGC1A,ANGPTL8,LPIN1,ADIG",v3_curated,True
breast,True,False,Vascular cells,Endothelial cells,connective,Endothelial cells,endothelial,"VWF,ADGRL4,GNG11,EMCN,PLVAP,FLT1,PECAM1,CD93,RAMP2,CLDN5,ENG,ACKR1,ECSCR,TSPAN7,ESAM,LDB2,CLEC14A,EPAS1,CD34,ERG,SOX18,CDH5,KDR,TIE1,NRP1,F8,CAV1,ICAM2,TEK,RBP7,NOS3,PODXL,MCAM,BMX,DNASE1L3,ESM1,CA4,FABP4,TM4SF1",census,False
breast,True,False,Epithelial cells,Myoepithelial cells,epithelial,Epithelial cells,epithelial,"KRT14,KRT5,KRT17,DST,ACTA2,TPM2,TAGLN,MYLK,ACTG2,CNN1,MYH11,TPM1,MYL9,CALD1,TP63,DSC3,LAMB3,S100A2,LAMC2,DSG3,TP73",census,False
breast,True,False,Vascular-associated cells,Pericytes,connective,Pericytes,pericyte,"PDGFRB,NOTCH3,FN1,ABCC9,RGS5,COL4A1,EDNRA,COL4A2,COL18A1,TIMP3,MYL9,CSPG4,MCAM,KCNJ8,SERPINH1,CD248,PRRX1,TAGLN,ACTA2,ITGA7",census,False
breast,True,False,Vascular cells,Lymphatic endothelial cells,connective,Endothelial cells,endothelial,"PTPRB,ENG,KDR,EMCN,COL4A1,NRP2,TEK,COL4A2,NRP1,PECAM1,ESAM,TIE1,RAMP2,EFNB2,RELN,TSPAN7,ITGA9,FLT4,LYVE1,SOX18,MMRN1,GJA4,ADM,AQP1,SOX17,ANGPT2,PDGFB,VEGFC,COL15A1,FOXC1,PROCR,GJA5,FABP4,CCL21",census,False
breast,True,False,Epithelial cells,Normal ductal epithelial cells,epithelial,Epithelial cells,epithelial,"ELF3,CLDN4,KRT18,TACSTD2,CLDN7,KRT7,KRT8,KRT19,EPCAM,CDH1,CLDN3,KLF5,CD24,TMEM45B,MUC1,PIP,XBP1,CA12,ST14,SLC39A6,FOXA1,OVOL2,PRLR,BAMBI,AGR2",census,False
immune,True,False,Immune cells,CD4+ T cells,inflammatory,Lymphocytes,lymphocyte,"LEF1,CCR7,TCF7,CD3G,IL7R,TRAC,LTB,LCK,CD3E,CD40LG,CD3D,PIK3IP1,CD2,TRBC2,CD28,BCL11B,SELL,CCR5",census,False
immune,True,False,Immune cells,Naïve CD4+ T cells,inflammatory,Lymphocytes,lymphocyte,"IL7R,LTB,TCF7,TRAT1,CD96,MAL,KLRB1,CD27,SH2D1A,LEF1,ITM2A,SEPTIN1,UBASH3A,BTLA,PIK3IP1,BCL2",census,False
immune,True,False,Immune cells,Central-memory T cells (TCM),inflammatory,Lymphocytes,lymphocyte,"LTB,TCF7,CCR7,IL7R,SH2D1A,TRAC,CD28,GIMAP7,CD27,LEF1",census,False
immune,True,False,Immune cells,Effector-memory T cells (TEM),inflammatory,Lymphocytes,lymphocyte,"GZMA,CCL5,PRF1,KLRB1,NKG7,KLRD1,GZMH,GNLY,KLRG1,IL2RB,TBX21,TRGC2,TRDC,KLRF1,TRGC1,CD160,EOMES,KLRC1,ZNF683,KLRC3,CXCR6,TRDV2,FASLG",census,False
immune,True,False,Immune cells,Effector-memory RA T cells (TEMRA),inflammatory,Lymphocytes,lymphocyte,"TRAC,CCL5,IL2RG,PRF1,TRBC1,KLRB1,NKG7,KLRD1,GNLY,GZMH,KLRG1,FGFBP2,IL7R,S1PR1,GZMK,KLRF1,TBX21,S1PR5,KLRK1,EOMES,IFNG,KLRC2,KLRC1,IL2RB,STAT4,CXCR6,B3GAT1",census,False
immune,True,False,Immune cells,CD8+ T cells,inflammatory,Lymphocytes,lymphocyte,"CD8B,CD8A,CCL5,KLRD1,KLRG1,GZMH,CD3D,CD2,CD3G,CD3E,NKG7,DUSP2,GZMA,LAG3,LCK,PRF1,IFNG,FASLG,TBX21,TRAC",census,False
immune,True,False,Immune cells,Exhausted CD8+ T cells,inflammatory,Lymphocytes,lymphocyte,"CD96,KLRG1,GZMK,SH2D2A,TBX21,TIGIT,CD160,EOMES,CXCR5,CXCR6,KIR2DL3,FOXP3",census,False
immune,True,False,Immune cells,Regulatory T cells (Tregs),inflammatory,Lymphocytes,lymphocyte,"IL7R,CCR7,NKG7,CD27,CD28,IL2RB,SH2D2A,TIGIT,S1PR1,GZMB,PRF1,LAG3,CXCR6,FOXP3,CCR8",census,False
immune,True,False,Immune cells,T follicular helper (Tfh) cells,inflammatory,Lymphocytes,lymphocyte,"CD3D,IL7R,CCR7,MAL,RHOH,SH2D1A,CD28,CD40LG,TIGIT,FCRL3,GIMAP7,BANK1,CXCR5,PDCD1,STAT4",census,False
immune,True,False,Immune cells,Gamma-delta T cells,inflammatory,Lymphocytes,lymphocyte,"IL7R,BCL11B,GZMA,CD96,CCL5,PRF1,KLRB1,NKG7,KLRD1,GNLY,RORA,TRGC2,TBX21,TRDC,S1PR1,MS4A1,EOMES,CD160,GIMAP7,TRGC1,TRGV9,CXCR6,TRDV2,HOPX",census,False
immune,True,False,Immune cells,Natural killer cells (NKs),inflammatory,Lymphocytes,lymphocyte,"CD247,GZMA,CST7,PRF1,KLRB1,KLRD1,NKG7,GNLY,GZMH,FGFBP2,KLRG1,IL2RB,NCR3,KLRF1,SPON2,TBX21,KLRK1,EOMES,KLRC1,IFNG,KLRC3,KLRC2,GZMB",census,False
immune,True,False,Immune cells,Naïve B cells,inflammatory,Lymphocytes,lymphocyte,"CCR7,MS4A1,BANK1,FCRL3,TNFRSF13C,CD22,FCRL2,CD79A,IGHE",census,False
immune,True,False,Immune cells,Memory B cells,inflammatory,Lymphocytes,lymphocyte,"CD27,S1PR1,MS4A1,TBX21,FCRL3,BANK1,TNFRSF13C,CXCR5,BCL2,CR2,CXCR6,FCRL5",census,False
immune,True,False,Immune cells,Germinal-center B cells,inflammatory,Lymphocytes,lymphocyte,"CCR7,RHOH,IKZF3,MYBL1,MS4A1,CXCR4,CD22,CXCR5,FCER2,AICDA",census,False
immune,True,False,Immune cells,Plasmablasts,inflammatory,Plasma cells,plasma_cell,"MZB1,JCHAIN,FKBP11,XBP1,IGKC,HSP90B1,TNFRSF17,SSR4,CD38,DERL3,SSR3,PDIA4,PDIA6,TXNDC5,IGLC2,HSPA5,P4HB,CRELD2,SEL1L,PRDM1,DERL1,SEC61B,IRF4,DNAJB9,IGHA1,CALR,IGHG1,SDC1,DNAJC3,TNFRSF13B,PPIB,CD27,IGHG3,IGHG4,HYOU1,IGHG2,IGHA2,CANX,SLC30A5,IGHM,TMEM107,LILRB4,IGHJ4,LAMTOR5,FKBPL",census,False
immune,True,False,Immune cells,Plasma cells,inflammatory,Plasma cells,plasma_cell,"MZB1,JCHAIN,FKBP11,XBP1,IGKC,ITM2C,HSP90B1,TNFRSF17,SSR4,CD38,DERL3,TENT5C,PDIA4,TXNDC5,IGLC2,SLAMF7,PDIA6,HSPA5,CRELD2,SEL1L,PRDM1,SEC61B,IRF4,IGHA1,SDC1,CALR,IGHG1,TNFRSF13B,CD27,PPIB,IGHG3,IGHG4,HYOU1,IGHG2,IGHA2,SLC39A7,CCR10,CANX,IGHM,IL6R,TMEM109,BIRC3,CXCR4",census,False
immune,True,False,Immune cells,Conventional dendritic cells type 1 (cDC1),inflammatory,Macrophage-like,macrophage_like,"CST3,KLF4,HLA-DRB1,HLA-DRA,CSF3R,CD86,HLA-DPA1,CD1D,FCGR1A,HLA-DPB1,BATF3,IL15,THBD,IRF8,LILRA4,CXCL10,IDO1,IDO2,SPP1,XCR1",census,False
immune,True,False,Immune cells,Conventional dendritic cells type 2 (cDC2),inflammatory,Macrophage-like,macrophage_like,"CST3,S100A9,S100A8,SPI1,TNFSF13B,KLF4,FTH1,FCGR2A,HLA-DRB1,TMEM176B,CD86,TLR4,HLA-DRA,SIRPA,TMEM176A,HLA-DPA1,IL1B,CXCL8,MARCO,CLEC10A,CXCL2,HLA-DPB1,FCGR2B,MRC1,REL,CD1E,PDCD1LG2,IDO1,CD1B,CD207",census,False
immune,True,False,Immune cells,Dendritic cells,inflammatory,Macrophage-like,macrophage_like,"CST3,HLA-DRA,HLA-DRB1,HLA-DPA1,HLA-DPB1,CD74,IRF8,CIITA,CD1C,CD86,SPI1,MYD88,CD1D,ITGAX,REL,IRF4,BATF3,CD83,TLR7,NFKB1,CLEC7A,ZBTB46,IFI16,IDO1,CD40,LY75,IDO2,CD1B,CD1A,TLR9,LAMP3,TLR3,STAT6,CXCL9,CCL19,CD80,CCL17,CLEC12A,IL12B",census,False
immune,True,False,Immune cells,Macrophages,inflammatory,Macrophage-like,macrophage_like,"CTSB,APOE,C1QB,C1QA,CSF1R,CD163,C1QC,CTSL,CTSC,CD68,CTSD,MRC1,NAMPT,ITGAX,PLAUR,MSR1,CST3,LILRB1,VSIG4,LGALS9,HLA-DRA,SIGLEC1,MMP9,HLA-DRB1,RNASE1,LGALS3,FCGR3A,LY86,AIF1,LYZ,SPP1,HLA-DPB1,IL1B,MARCO,HLA-DPA1,SIGLEC10,TREM2,MMP12,LILRA2,ITGAM,TNF,C3,IL6,ALOX5AP",census,False
immune,True,False,Immune cells,Tumor-associated macrophages (TAMs),inflammatory,Macrophage-like,macrophage_like,"S100A9,AIF1,S100A8,VCAN,LGALS3,LILRB2,CTSD,TGFBI,LGALS9,TNFSF10,SLC11A1,CD163,NLRP3,STAB1,SIGLEC10,TNFSF13,MARCO,IL1RN,VEGFA,SIGLEC1,MSR1,C1QA,CTSC,C1QB,MRC1,C1QC,CTSL,IL10,APOE,LILRB5,MMP19,PDCD1LG2,IDO1,TREM2,IDO2,SPP1,CCL18,CCL22",census,False
immune,True,False,Immune cells,Classical monocytes (CD14+),inflammatory,Macrophage-like,macrophage_like,"CST3,LYZ,S100A9,AIF1,CTSS,S100A8,CD14,LGALS3,S100A12,HLA-DRB1,HLA-DRA,MS4A7,PLAUR,CTSB,NAMPT,LGALS9,LILRA2,CSF1R,TLR2,ITGAX,LILRB1,HLA-DPA1,TLR4,ITGAM,TLR8,NLRP3,RNASE2,FCGR1A,IRF5,HLA-DPB1,CCR2,IL1B,CXCL8,IL6R,CTSL,BATF3,STAT6,ADGRE1,PTGS2,IRF8,CXCL2,CTSC,CXCL10,MMP9,FCGR3A",census,False
immune,True,False,Immune cells,Non-classical monocytes (CD16+),inflammatory,Macrophage-like,macrophage_like,"CST3,LYZ,S100A9,S100A8,S100A12,TNFSF13B,HLA-DRB1,LILRB2,CTSD,IFI30,MS4A7,HLA-DRA,LGALS2,LILRA2,ITGAX,BCL2A1,CCR1,HLA-DPA1,TLR8,CXCL16,TNFSF10,HLA-DPB1,CCR2,ITGAM,SIGLEC14,G0S2,SIGLEC10,CTSC,TLR7,IFI6,MMP19,TIMD4",census,False
immune,True,False,Immune cells,Neutrophils,inflammatory,Neutrophils,neutrophil,"CSF3R,FPR1,S100A8,S100A9,FCGR3B,PTPRJ,BCL2A1,TLR2,NCF2,ALPL,SRGN,IL17RA,CXCR2,ARG1,MMP25,ITGAX,NCF4,PADI4,CD177,ITGAM,FPR2,STAT3,CXCL8,CXCR1,NFE2L2,TNFRSF10C,TLR8,HP,TLR4,MMP8,LCN2,IL1B,OLFM4,CEACAM8,MPO,ELANE,DEFA4,CTSG",census,False
immune,True,False,Immune cells,Mast cells,inflammatory,Mast cells,mast_cell,"CPA3,HPGDS,GATA2,TPSAB1,IL1RL1,HDC,TPSB2,HPGD,SLC18A2,KIT,ALOX5AP,MS4A2,FCER1G,ALOX5,PRG2,MITF,PTGS1,VIM,RGS13,SIGLEC6,FCER1A,CMA1,ICAM1,LGALS1,SOCS2,IL13,BCL2L1,IL4,TNFSF14,PRG3,TNFSF11,ALOX15",census,False
immune,True,False,Immune cells,Natural killer T cells (NKT),inflammatory,Lymphocytes,lymphocyte,"CD3E,CD3D,CD3G,CD2,TRAC,LCK,TRBC1,BCL11B,GZMA,PRF1,KLRB1,CD69,NKG7,KLRD1,KLRG1,NCR3,TIGIT,TBX21,GZMB,CD160,EOMES,KLRC1,IFNG,KLRC2,FASLG,LAG3,CXCR6,TRAV10,TRBV25-1",census,False
immune,True,False,Immune cells,Mucosal-associated invariant T cells (MAIT),inflammatory,Lymphocytes,lymphocyte,"CD3E,CD3D,CD3G,CD2,TRBC1,CCR7,BCL11B,GZMA,IL7R,PRF1,KLRB1,NKG7,GNLY,S1PR1,TIGIT,FASLG,CXCR6,TRBV20-1,TRAV1-2,TRAJ33,TRAJ12",census,False
immune,True,False,Immune cells,ILC1,inflammatory,Lymphocytes,lymphocyte,"IL7R,GZMA,PRF1,KLRD1,CST7,GNLY,KLRG1,IL2RB,HOPX,GZMB,TBX21,S1PR5,NKG7,XCL2,IFNG,CXCR6,STAT4",census,False
immune,True,False,Immune cells,ILC2,inflammatory,Lymphocytes,lymphocyte,"IL7R,CD69,KLRB1,KLRG1,NCR3,GATA3,RORA,CXCR6,IL2RG,IL9",census,False
immune,True,False,Immune cells,ILC3,inflammatory,Lymphocytes,lymphocyte,"IL7R,KLRB1,NCR3,CD160,IFNG,CXCR6,PLCG1",census,False
immune,True,False,Immune cells,B-regulatory cells (Bregs),inflammatory,Lymphocytes,lymphocyte,"CCR7,CD5,MS4A1,TNFRSF13C,FCRL3,CXCR5,NT5E,CCR6,CD22,FCRL4",census,False
immune,True,False,Immune cells,Plasmacytoid dendritic cells,inflammatory,Macrophage-like,macrophage_like,"CD36,KLF4,OAS1,CD86,SLC15A3,IRF5,HLA-DRA,HLA-DRB1,HLA-DPB1,HLA-DPA1,TLR7,SIGLEC1,IFI27,LILRA4,CLEC4C",census,False
immune,True,False,Immune cells,Inflammatory DC / DC3,inflammatory,Lymphocytes,lymphocyte,"CCR7,TNFSF9,CCL22,SOCS1,CD40",census,True
immune,True,False,Immune cells,Myeloid-derived suppressor cells,inflammatory,Hematologic blasts,hematologic_blast,"CD274,NOS2,IL1B,CSF2RB,CXCL2",census,True
immune,True,False,Immune cells,Eosinophils,inflammatory,Eosinophils,eosinophil,"GATA2,HPGDS,IL5RA,PRG2,CLC,CSF2RB,ALOX5AP,GATA1,ALOX5,TIMP1,RNASE2,PTGDR2,ANXA1,LGALS1,IL1B,STAT5A,RNASE3,RGS13,CXCL8,CMA1,SIGLEC8,CCR3,ALOX15",census,False
immune,True,False,Immune cells,Basophils,inflammatory,Basophils,basophil,"GATA2,HDC,FCER1A,CPA3,CSF2RB,HPGDS,TPSAB1,MS4A2,LGALS9,KIT,TPSB2,PRG2,CD63,IL1RL1,PTGDR2,IL4,CCR3,PRG3,SIGLEC8,CMA1",census,False
immune,True,False,Immune cells,Precursor dendritic cells (pre-DC),inflammatory,Macrophage-like,macrophage_like,"SPI1,CLEC7A,CSF3R,HLA-DRA,ZEB2,CLEC4A,CSF1R,HLA-DPA1,ITGB2,LILRB1,ITGAM,HLA-DPB1,CCR2,SIGLEC10,IL6R,BATF3,CLEC10A,SIGLEC7,FLT3,IRF8,ID2,AXL,CLEC9A,CSF2RA,IL3RA",census,False
circulating,True,False,Circulating blood cells,Erythrocytes (Red Blood Cells),background,Red blood cells,red_blood,"HBB,HBA1,HBA2,AHSP,SLC25A37,ALAS2,FECH,HBM,GYPC,PRDX2,HBQ1,SLC4A1,EPB42,KLF1,NFE2,GYPA,ANK1,GATA1,HBD,RHAG,HBG2,TFRC,HBG1,TAL1,SPTA1,CA1,EPOR,TFR2,CA2,RHD,RHCE,ERMAP,SPTB,CYB5A,SLC25A38,SLC22A4,TMCC2,EPB41,PRDX1,KLF3,BCL11A",census,False
circulating,True,False,Circulating blood cells,Platelets (Thrombocytes),background,Platelets,platelet,"PF4,PPBP,TUBB1,GP9,SPARC,F13A1,ITGA2B,MYL9,VCL,FERMT3,TLN1,TUBA1C,CALM3,GP1BA,ITGB3,SELP,PF4V1,CD151,RAP1B,GP6,PLEK,GP1BB,TSPAN9,P2RY1,SRC,CD36,P2RY12,TRPC6,ACTB",census,False
circulating,True,False,Vascular cells,Circulating Endothelial Cells (CECs),connective,Endothelial cells,endothelial,"FLT1,KDR,NRP1,CDH5,ADGRL4,PLVAP,ESAM,CLDN5,PECAM1,TIE1,ERG,NRP2,ENG,CD93,TEK,RHOJ,EFNB2,BMPR2,A2M,CD34,ICAM2,ROBO4,MCAM,ECSCR,ACVRL1,FABP4,DLL4,VWF,SLC2A1,HEY1,TAL1,GATA2,ANGPT2,NOS3,F11R,SELE,VEGFA,SLIT2,IL1R1,HEY2,HHEX,BMP4,ANKRD1",census,False
circulating,True,False,Vascular progenitor cells,Circulating Endothelial Progenitor Cells (EPCs),connective,Endothelial cells,endothelial,"FLT1,KDR,NRP1,ERG,NRP2,ENG,TEK,CD93,EFNB2,HSPB1,CD34,NOTCH4,ICAM2,ROBO4,NOTCH1,ECSCR,ACVRL1,DLL4,SOX17,HES1,HEY1,TAL1,JAG1,GATA2,ANGPT2,F11R,HHEX,SELE,SLIT2,IL1R1,VEGFA,HEY2,BMP2,BMP6,BMP4,HES5",census,False
circulating,True,False,Mesenchymal cells,Circulating Mesenchymal Stem Cells (MSCs),connective,Fibroblast-like cells,fibroblast_like,"COL1A2,COL3A1,SPARC,COL1A1,MMP2,FN1,MMP14,TIMP1,VIM,ITGB1,CXCL12,THY1,PDGFRB,CD248,SNAI2,ZEB1,ACTA2,ENG,BMP4,SFRP1,FZD4,LEPR,TAGLN,VCAM1,WNT5A,SOX9,RUNX2,ITGA1,TWIST1,ITGA5,FGF2,BMP2,SUSD2,GREM1,GDF6",census,False
circulating,True,False,Vascular-associated cells,Circulating Pericyte-like Cells,connective,Pericytes,pericyte,"PDGFRB,CSPG4,RGS5,CD146,ACTA2,VIM,TAGLN,CD13,MYH11,NOTCH3,MCAM,CNN1,CALD1,TIMP1,S100A4,COL1A1,COL3A1,SPARC,EDNRB,CD248,GUCY1A3,ADRA1B,PDE5A,SMA,SUSD2,THY1,FN1,ITGA7,ITGB1,TGFBR2,CXCL12,POSTN,FAP,TIMP3,GATA6,MYLK,ROBO4,SMTN,MMP2,MMP9,NG2,LMOD1,CNN3,MYL9,ELN,ACVRL1,MEF2C,HEY2,EGR1,PDLIM3",v3_curated,True
circulating,True,False,Stromal cells,Circulating fibrocytes,connective,Fibroblast-like,fibroblast_like,"COL1A2,COL3A1,SPARC,COL6A1,COL6A2,COL5A2,COL1A1,MMP2,FN1,DCN,COL5A1,COL6A3,MMP14,BGN,VCAN,PDGFRA,LUM,POSTN,CXCL12,ITGB1,COL14A1,LOX,THY1,PDGFRB,CD34,ACTA2,ADAM12,ITGA5,IL13RA1,STAT3,SMAD4,CNN1,CXCL16,IL4R",census,False
colorectal,True,True,Malignant epithelial cells,Stem-like / TA-like tumor cells,neoplastic,Malignant epithelial cells,malignant_epithelial,"RNF43,SLC12A2,ASCL2,AXIN2,EPHB2,MYC,CCND1,TSPAN8,LGR5,CD44,MCM4,CENPF,SMOC2,AURKA,MKI67,E2F1,CCNB1,MCM3,PCNA,CHEK1,FZD7,PROM1",census,False
colorectal,True,True,Malignant epithelial cells,EMT-like / Mesenchymal tumor cells,neoplastic,Malignant epithelial cells,malignant_epithelial,"TGFBI,ITGB1,SNAI1,FN1,TWIST1",census,True
colorectal,True,True,Malignant epithelial cells,Enterocyte-like tumor cells,neoplastic,Malignant epithelial cells,malignant_epithelial,"CEACAM5,CLDN4,CLDN7,CDH17,SLC39A4,MUC13,KRT20,DBI,GUCY2C,FDFT1",census,False
colorectal,True,True,Malignant epithelial cells,Goblet-like tumor cells,neoplastic,Malignant epithelial cells,malignant_epithelial,"CLDN3,ELF3,LGALS3,CLDN7,TMEM45B,LGALS4,SPINK1,AGR2,TFF3,MUC5B,MUC13,GALNT7,SLPI,WFDC2,CXCL17,SPINK7,MUC15,MUC22",census,False
colorectal,False,True,Malignant epithelial cells,Tuft/BEST4⁺ tumor cells,neoplastic,Malignant epithelial cells,malignant_epithelial,"ASCL2,KRT18,CFTR,SOX4,KRT8,SPINK1,SMOC2,SLC52A3,SPRR2A,TAS2R3",census,False
colorectal,False,True,Malignant epithelial cells,Enteroendocrine-like tumor cells,neoplastic,Malignant epithelial cells,malignant_epithelial,"KCNQ1,TAC1,CALCA,SCG5,CRHR1,CALCR",census,False
colorectal,False,True,Malignant epithelial cells,Mucinous/Signet-ring tumor cells,neoplastic,Malignant epithelial cells,malignant_epithelial,"LGALS3,CLDN3,LGALS4,AGR2,TFF3,GALNT3,CLDN4,GALNT12,MUC5B,GALNT7,B3GNT3,MSLN,KRT20,MUC13,MUC22",census,False
colorectal,False,True,Malignant epithelial cells,Neuroendocrine carcinoma cells,neoplastic,Malignant epithelial cells,malignant_epithelial,"FOXA2,SYT7,GRIN2B,VGF,STXBP1,GABRA3,CALCA,NKX2-1,NEUROG3",census,False
colorectal,True,False,Epithelial cells,Absorptive colonocytes,epithelial,Epithelial cells,epithelial,"FABP1,ANPEP,PRAP1,ALDOB,MUC13,APOA1,SI,MTTP,APOA4,GSTA1,APOB,SLC5A1,CLDN7,MUC17,SLC26A3,ACE2,CDH17,EPCAM,CYP3A4,ALPI,MGAM,CES2,SLC2A2,ABCG2,SULT1A1,CYP2C9,PCK1,CYP2J2,VIL1,DPP4,PIGR,ABCB1,NR1I2,FMO1,UGT2B17,SLC39A4,CA1",census,False
colorectal,True,False,Epithelial cells,Goblet cells,epithelial,Epithelial cells,epithelial,"AGR2,TFF3,TFF1,WFDC2,ST6GALNAC1,SPDEF,ERN2,GALNT7,REG4,SPINK4,FCGBP,LGALS4,MUC2,MUC4,SERPINA1,ZG16,ATOH1,CLCA1",census,False
colorectal,True,False,Stem/progenitor cells,Crypt-base stem cells,background,Basaloid progenitor cells,basaloid_progenitor,"FZD5,STMN1,CHEK1,MCM2,MCM7",census,True
colorectal,True,False,Stem/progenitor cells,Transit-amplifying progenitor cells,background,Basaloid progenitor cells,basaloid_progenitor,"STMN1,CDK2,CHEK1,MCM7,MCM6",census,True
colorectal,True,False,Stromal cells,Smooth-muscle cells,connective,Fibroblast-like,fibroblast_like,"CALD1,TPM2,TAGLN,ACTA2,MYL9,PDGFRB,AKAP12,TNS1,LMOD1,MYH11,ITGB1,GUCY1A1,GUCY1B1,PLN,SMTN",census,False
colorectal,True,False,Stromal cells,Subepithelial fibroblasts,connective,Fibroblast-like,fibroblast_like,"COL1A2,COL3A1,COL6A2,SPARC,COL6A1,MMP2,COL6A3,FBLN1,VCAN,PDGFRA,IGFBP5,COL5A1,FN1,PXDN,COL14A1,SERPINH1,MFGE8,TIMP3,LAMC1,POSTN,FGF7,BMP5,VCAM1,COL4A1,THBS2,TNC,MMP11,TNXB,ITGA5,FBLN2,MMP14,LOXL1,ANGPTL1,LAMA2,ITGA11,GREM1,RSPO3,LTBP1,WNT2B,SERPINE1,F3",census,False
colorectal,True,False,Stromal cells,Submucosal fibroblasts,connective,Fibroblast-like,fibroblast_like,"COL1A2,COL3A1,COL6A2,COL1A1,SPARC,DCN,CALD1,MFAP4,COL6A1,MMP2,COL6A3,LUM,FBLN1,VCAN,PDGFRA,EMILIN1,IGFBP5,FN1,COL5A1,TIMP1,SERPINH1,PXDN,TIMP3,MFGE8,LAMC1,PDGFRB,FBLN5,BGN,MYL9,THBS2,TNC,LOX,TAGLN,ACTA2,MMP14,FBLN2,LOXL1,LAMA2,MFAP5,COL8A1,SERPINE1,THBS4",census,False
colorectal,False,False,Stromal cells,Quiescent PI16⁺ fibroblasts,connective,Fibroblast-like,fibroblast_like,"DCN,MMP2,LUM,RARRES2,FBLN1,VCAN,CXCL12,IGFBP5,CXCL14,COL14A1,ELN,MFGE8,IGFBP6,TIMP3,LAMC1,SERPINF1,POSTN,ANGPTL2,C7,SFRP2,ADAMTS5,TNXB,LOXL1,PTGDS,MMP14,FBLN2,WNT5A,ANGPTL1,MFAP5,ADAMTS4,GREM1,PI16,SFRP4,VIT",census,False
colorectal,True,False,Stromal cells,Perivascular fibroblasts,connective,Fibroblast-like,fibroblast_like,"COL6A2,MFAP4,COL6A1,COL6A3,MMP2,PTN,FBLN1,VCAN,PDGFRA,EMILIN1,LAMA4,ELN,COL4A1,TIMP3,IGFBP6,LAMC1,PXDN,PDGFRB,MFAP2,MGP,COL4A2,ANGPTL2,LOXL1,LOX,ADAMTS5,FBLN2,ACTA2,THBS1,MFAP5,LAMA2,ADAMTS4,ADAMTSL4,TAGLN,WNT5A,LAMC3,ADAMTS12,IGFBP3,VIT,THBS2",census,False
colorectal,True,False,Stromal cells,Matrix fibroblasts (ECM-rich),connective,Fibroblast-like,fibroblast_like,"COL3A1,COL6A2,COL1A1,MFAP4,SPARC,COL6A1,MMP2,COL6A3,FBLN1,VCAN,EMILIN1,IGFBP5,FN1,COL5A1,TIMP1,SERPINH1,PXDN,TIMP3,SERPINF1,IGFBP6,LAMB1,POSTN,LAMC1,ANGPTL2,THBS1,TNC,THBS2,LOX,ADAMTS5,MMP14,SFRP2,LOXL1,FBLN2,LAMA2,WNT5A,MFAP5,GREM1,THBS4,CSPG4",census,False
colorectal,True,False,Vascular cells,Vascular endothelial cells,connective,Endothelial cells,endothelial,"GNG11,CAV1,CLDN5,RAMP2,PLVAP,ENG,CDH5,ESAM,SPARCL1,CLEC14A,VWF,CD34,EMCN,ICAM2,FLT1,EPAS1,TIE1,COL4A1,PTPRB,JAM2,PECAM1,PODXL,COL4A2,KDR,KLF2,ERG,TSPAN7,NOTCH4,TEK,HHEX,MCAM,ARHGEF15,RBP7,NOS3,ACKR1,HEY1,ANGPT2,SELP,BMX,SELE,APLN,RGS5,PROCR,KLF4",census,False
colorectal,True,False,Vascular cells,Lymphatic endothelial cells,connective,Endothelial cells,endothelial,"PTPRB,ENG,KDR,EMCN,COL4A1,NRP2,TEK,COL4A2,NRP1,PECAM1,ESAM,TIE1,RAMP2,EFNB2,RELN,TSPAN7,ITGA9,FLT4,LYVE1,SOX18,MMRN1,GJA4,ADM,AQP1,SOX17,ANGPT2,PDGFB,VEGFC,COL15A1,FOXC1,PROCR,GJA5,FABP4,CCL21",census,False
colorectal,True,False,Vascular-associated cells,Pericytes,connective,Pericytes,pericyte,"PDGFRB,NOTCH3,FN1,ABCC9,RGS5,COL4A1,EDNRA,COL4A2,COL18A1,TIMP3,MYL9,CSPG4,MCAM,KCNJ8,SERPINH1,CD248,PRRX1,TAGLN,ACTA2,ITGA7",census,False
colorectal,True,False,Neuronal cells,Enteric neurons,background,Neurons,neuron,"ELAVL4,UCHL1,PHOX2B,HAND2,PRPH,TUBB3,DCX,L1CAM,NEFM,GAL,MAP2,SCN9A,TAC3,RET,GABRB3,VIP,NEFL,DLX5,CNTNAP2,SLC18A3,PENK,GRIA2,PTPRN,NOS1,CUX2,HTR3A,TAC1,TH,CNTN2,LMO1,POU3F2,CHAT,SLC17A6,SCN10A",census,False
colorectal,True,False,Glial cells,Enteric glial cells,background,Glial cells,glial,"PLP1,S100B,MPZ,PTPRZ1,SPARC,CNP,SOX10,PMP22,NDRG2,ERBB4,ERBB3,DHH,FABP7,AQP4,OLIG2,MAG",census,False
colorectal,True,False,Epithelial cells,Enteroendocrine cells,epithelial,Neuroendocrine cells,neuroendocrine,"CHGA,NEUROD1,CHGB,SCG5,INSM1,PCSK1,SYP,TPH1,PAX6,ISL1,PYY,RGS4,ARX,GCG,SST,GHRL,VGF,CCK,GIPR,PCSK2,GIP,TAC1,NEUROG3,GAST,HHEX,FFAR4,PPY,RAMP1,CALCR,NKX6-1,CRH,IAPP,GHSR",census,False
colorectal,False,False,Epithelial cells,Tuft cells,epithelial,Epithelial cells,epithelial,"TRPM5,PTGS1,AVIL,ALOX5,IL17RB,RGS13,POU2F3,GNG13,KRT18,SOX9,ALOX5AP,GNAT3,PLCB2,GABRP,SUCNR1,PDE1C,IL25,KRT8",census,False
colorectal,False,False,Epithelial cells,BEST4⁺ ionocytes,epithelial,Epithelial cells,epithelial,"GUCA2A,GUCA2B,TMEM37,FXYD3,ATP1A1,PIGR,CLDN15,CA2,KRT8,KCNK5,AQP7,SLC26A3,CA4,PRKG2,CLDN4,OTOP3,CA7,BEST4,OTOP2,KRT18,SLC38A4",census,False
colorectal,False,False,Epithelial cells,Paneth-like cells,epithelial,Epithelial cells,epithelial,"SI,GSTA1,SERPINA1,SPINK1,IFI27,REG1B,REG3G",census,False
colorectal,False,False,Epithelial cells,M cells,epithelial,Epithelial cells,epithelial,"LGALS3,TFF3,CLDN4,KLF4,S100A10,IL22RA1",census,False
colorectal,False,False,Neuronal cells,Interstitial cells of Cajal,background,Neurons,neuron,"ANK2,CACNA2D1,KCNQ5,THBS4,HEY1,HCN4,HCN1",census,False
colorectal,False,False,Stem/progenitor cells,Reserve/quiescent stem cells,background,Basaloid progenitor cells,basaloid_progenitor,"TSPAN8,EPCAM,FZD5,ALDH1A1,FOXA3,LAMA1",census,False
colorectal,False,False,Neuronal cells,Schwann cells,background,Schwann cells,schwann,"CDH19,PMP22,S100B,PLP1,MPZ,NRXN1,NCAM2,NCAM1,SOX10,SOX8,SOX2,FOXD3,DHH,GFAP",census,False
colorectal,False,False,Mesothelial cells,Serosal mesothelial cells,epithelial,Mesothelial cells,mesothelial,"COL3A1,SPARC,UPK3B,MYL9,COL1A1,TPM1,TPM2,WT1,PDPN,ALDH1A2,MSLN,CLDN15,KRT18,ANXA2,SLPI,KRT19,KRT8,COL4A2,UPK1B,EZR",census,False
prostate,True,True,Malignant epithelial cells,Malignant Luminal tumor cells,neoplastic,Malignant epithelial cells,malignant_epithelial,"KLK3,KLK2,ACPP,AMACR,ERG,NKX3-1,TMPRSS2,TRPM8,KRT8,KRT18,HOXB13,TACSTD2,MSMB,SLC45A3,AR,FOXA1,NDRG1,FOLH1,GDF15,CD24,HNF1B,IDH1,MYC,TP53,CDH1,EPCAM,PMEPA1,PPAP2A,MAOA,PSCA,SCGB1A1,CEACAM6,BCL2,BASP1,ETS1,RFX6,TFF3,SPDEF,KLF5,GRHL2,CEACAM5,TMEFF2,SPOP,CHGA,PTEN,AKT1,CCND1,MAP3K1,MAPK9,DUSP1",v3_curated,True
prostate,True,True,Malignant epithelial cells,Castration-resistant androgen receptor-positive tumor cells,neoplastic,Malignant epithelial cells,malignant_epithelial,"AR,KLK3,NKX3-1,HOXB13,FOXA1,ERG,TMPRSS2,ACPP,SLC45A3,TACSTD2,NCOA2,EZH2,UBE2C,AURKA,MYC,CDK1,TOP2A,CDC20,CDCA8,TPX2,NCAPG,KIF11,BIRC5,RRM2,CCNB1,CCNB2,CDC6,TK1,MKI67,PTEN,HMMR,MCM4,MCM6,MCM2,KIF2C,HELLS,GMNN,RACGAP1,CDKN3,TROAP,NCAPH,NEK2,GINS2,DTL,CENPF,CENPE,CDT1,ORC1,RFC4,PCLAF",v3_curated,True
prostate,False,True,Malignant epithelial cells,Castration-resistant neuroendocrine-like tumor cells,neoplastic,Malignant epithelial cells,malignant_epithelial,"CHGA,SYP,ENO2,ASCL1,INSM1,NCAM1,POU2F3,DLL3,FOXA2,PEG10,TP53,RB1,AURKA,EZH2,MYCN,SOX2,NEUROD1,KIF1A,PCSK1,ISL1,CD56,STMN2,ELAVL3,SCG2,CGA,PCSK2,GRIN2A,GRP,CALCA,SV2A,TUBB3,BEX1,TPX2,NEFM,PHOX2B,BIRC5,RFX4,NOL4,NKX2-1,FAM111B,NCAM2,STMN1,NPTX1,NEUROG3,NEFH,ZBTB16,ONECUT2,SPDEF,REST,SRRM4",v3_curated,True
prostate,False,True,Malignant epithelial cells,Neuroendocrine prostate cancer cells,neoplastic,Malignant epithelial cells,malignant_epithelial,"CHGA,SYP,ENO2,ASCL1,INSM1,PEG10,FOXA2,SOX2,MYCN,AURKA,DLL3,POU2F3,TP53,RB1,EZH2,BIRC5,CD56,GRP,CALCA,PCSK1,NEUROD1,SCG2,TUBB3,ISL1,STMN2,ELAVL3,KIF1A,NEFM,NEFL,NEFH,ZBTB16,NEUROG3,NOL4,PHOX2B,PCSK2,RFX4,REST,NCAM1,NKX2-1,CGA,FAM111B,NPTX1,NCAM2,SV2A,GRIN2A,ONECUT2,BEX1,STMN1,TPX2,TMEFF2",v3_curated,True
prostate,True,True,Malignant epithelial cells,AR-low / AR-indifferent tumor cells,neoplastic,Malignant epithelial cells,malignant_epithelial,"AKR1C3,EZH2,SOX2,MYCN,AURKA,BRN2,ONECUT2,PEG10,CHGA,SYP,ASCL1,DLL3,INSM1,FOXA2,NEUROD1,NKX2-1,TP53,RB1,PTEN,REST,POU2F3,HES6,DLL4,NOTCH1,NOTCH2,NOTCH3,HES1,HEY1,HEY2,SOX9,NFIIB,BRD4,MYCL,YAP1,TEAD1,TEAD4,WWTR1,CTNNB1,AXIN2,LEF1,TCF7L2,FGFR1,FGFR2,FGFR3,RET,BCL11B,ZEB1,ZEB2,TWIST1,SNAI2",v3_curated,True
prostate,True,True,Malignant epithelial cells,Lineage-plastic / Transitional tumor cells,neoplastic,Malignant epithelial cells,malignant_epithelial,"EZH2,SOX2,MYCN,AURKA,BRN2,ONECUT2,PEG10,CHGA,SYP,ASCL1,DLL3,INSM1,FOXA2,NEUROD1,NKX2-1,TP53,RB1,PTEN,REST,POU2F3,HES6,DLL4,NOTCH1,NOTCH2,NOTCH3,HES1,HEY1,HEY2,SRRM4,POU3F2,NFIIB,YAP1,TEAD2,TEAD4,WWTR1,CTNNB1,AXIN2,LEF1,TCF7L2,FGFR1,FGFR2,FGFR3,RET,BCL11B,ZEB1,ZEB2,TWIST1,SNAI1,SNAI2,COL4A1",v3_curated,True
prostate,True,True,Malignant epithelial cells,Proliferative (MKI67-high) tumor cells,neoplastic,Malignant epithelial cells,malignant_epithelial,"MKI67,TOP2A,CCNB1,CDK1,AURKA,AURKB,BIRC5,CDC20,PLK1,UBE2C,CENPF,NUSAP1,TPX2,KIF20A,KIF11,KIF2C,KIF4A,KIFC1,KIF23,KIF18B,KIF15,KIF14,KIF13B,KIF12,KIF1A,KIF1B,KIF1C,KIF2A,KIF2B,KIF3A,KIF3B,KIF3C,KIF4B,KIF5A,KIF5B,KIF5C,KIF6,KIF7,KIF8,KIF9,KIF10,KIF16,KIF17,KIF18A,KIF19,KIF21A,KIF21B,KIF22,KIF24,KIF25",v3_curated,True
prostate,False,True,Malignant epithelial cells,SCL-high (TACSTD2+) resistant tumor cells,neoplastic,Malignant epithelial cells,malignant_epithelial,"TACSTD2,CD44,CLDN4,EPCAM,LY6D,PROM1,ALDH1A1,CD24,CD90,CD105,CD117,CD166,ABCG2,JAG1,NOTCH1,HES1,HEY1,SOX2,NANOG,OCT4,BMI1,KLF4,MYC,EZH2,AURKA,AURKB,PLK1,MKI67,TOP2A,BIRC5,CCNB1,CDK1,TPX2,NUSAP1,CENPF,KIF11,KIF20A,KIF2C,KIF4A,KIFC1,KIF23,KIF18B,KIF15,KIF14,KIF13B,KIF12,KIF1A,KIF1B,KIF1C,KIF2A",v3_curated,True
prostate,True,True,Malignant epithelial cells,Epithelial-to-mesenchymal transition (EMT)-like tumor cells,neoplastic,Malignant epithelial cells,malignant_epithelial,"VIM,FN1,SNAI1,SNAI2,TWIST1,ZEB1,ZEB2,CDH2,CDH11,ITGA5,MMP2,MMP9,SPARC,TNC,FOXC2,COL1A1,COL3A1,PDPN,TGFB1,TGFBI,ACTA2,NID1,LAMA4,CTGF,SERPINE1,GREM1,IL11,CXCL12,LOXL2,LAMC2,BMP1,BMP4,PLAUR,GAS1,FGFR1,MAP1B,ITGB1,N-cadherin,PTX3,TGFBR2,ITGA11,YAP1,TEAD4,WNT5A,AXL,CD44,KRT19,KRT14,CD24,CXCR4",v3_curated,True
prostate,True,True,Malignant epithelial cells,Stem-like tumor cells,neoplastic,Malignant epithelial cells,malignant_epithelial,"PROM1,CD44,ALDH1A1,ALDH1A3,SOX2,POU5F1,NANOG,KLF4,BMI1,LGR5,ABCG2,SALL4,MYC,EZH2,HES1,DLL4,NOTCH1,NOTCH3,FZD7,AXIN2,WNT3A,TCF7L2,SMO,GLI1,PTCH1,STAT3,IL6R,JAK1,JAK2,CD133,NR2F2,MSI1,GDF3,LEFTY1,LEFTY2,ID1,ID3,SOX9,CD24,HMGA2,TBX3,DPPA4,TRIM28,SPP1,DUSP6,PRDM14,CDH1,EPCAM,TERT,TGFB1",v3_curated,True
prostate,True,True,Malignant epithelial cells,Double-negative tumor cells,neoplastic,Malignant epithelial cells,malignant_epithelial,"EZH2,SOX9,TP63,KRT5,KRT14,BCL11A,FOXC1,MYC,YAP1,E2F1,CDC25A,KRT17,CD44,EGFR,RB1,TP53,KLF5,TGFBR2,ZEB1,ZEB2,SNAI1,TWIST1,ARID1A,PTEN,BIRC5,NEK2,AURKA,BUB1,CDCA5,CCNB1,PLK1,RRM2,TOP2A,HELLS,NCAPH,GINS2,HMGA2,CDKN2A,KIF20A,UBE2C,MKI67,CDK1,CDCA8,CENPE,TROAP,NCAPG,MCM2,MCM6,BUB1B,DTL",v3_curated,True
prostate,False,True,Malignant epithelial cells,Squamous-like tumor cells,neoplastic,Malignant epithelial cells,malignant_epithelial,"TP63,KRT5,KRT14,KRT6A,KRT6B,KRT6C,KRT16,KRT17,DSG3,IVL,SPRR1A,SPRR1B,SPRR2A,SPRR2B,SPRR2D,SPRR2E,S100A7,S100A8,S100A9,S100A14,S100A16,SOX2,TRIM29,KLF4,GADD45G,CIP2A,EPCAM,CD44,CDH1,CDH3,EGFR,NOTCH1,NOTCH2,NOTCH3,HES1,HEY1,HEY2,JAG1,JAG2,DLL1,DLL3,DLL4,IRF6,GRHL3,ZNF750,TP53,RB1,PTEN,MYC,AURKA",v3_curated,True
prostate,False,True,Malignant epithelial cells,Interferon-responsive tumor cells,neoplastic,Malignant epithelial cells,malignant_epithelial,"STAT1,STAT2,IRF7,IRF9,MX1,MX2,OAS1,OAS2,OAS3,OASL,IFI6,IFI27,IFI35,IFI44,IFI44L,IFIT1,IFIT2,IFIT3,IFIT5,IFITM1,IFITM2,IFITM3,ISG15,ISG20,RSAD2,DDX58,DDX60,ZBP1,TRIM22,TRIM25,TRIM26,TRIM29,TRIM38,TRIM56,IRF1,IRF3,IRF5,IRF8,IFIH1,IFI16,IFI27L,IFI30,IFITM10,GBP1,GBP2,GBP4,GBP5,BST2,HLA-DRA,HLA-DRB1",v3_curated,True
prostate,True,False,Stromal cells,Fibroblasts,connective,Fibroblast-like,fibroblast_like,"DCN,FBLN1,LUM,MMP2,SERPINF1,COL6A1,COL1A2,MFAP4,COL14A1,TIMP1,COL6A3,TIMP2,DPT,FN1,COL1A1,FBLN2,BGN,PDGFRA,COL3A1,FBLN5,CXCL12,PCOLCE2,SPARC,VCAN,NID1,PDGFRB,LAMA2,VIM,THY1,S100A4,LOX,ANGPTL2,ADAMTS2,FAP,CTHRC1,GREM1,MMP3",census,False
prostate,True,False,Vascular cells,Endothelial cells,connective,Endothelial cells,endothelial,"VWF,ADGRL4,GNG11,EMCN,PLVAP,FLT1,PECAM1,CD93,RAMP2,CLDN5,ENG,ACKR1,ECSCR,TSPAN7,ESAM,LDB2,CLEC14A,EPAS1,CD34,ERG,SOX18,CDH5,KDR,TIE1,NRP1,F8,CAV1,ICAM2,TEK,RBP7,NOS3,PODXL,MCAM,BMX,DNASE1L3,ESM1,CA4,FABP4,TM4SF1",census,False
prostate,True,False,Stromal cells,Smooth muscle cells,connective,Smooth muscle cells,smooth_muscle,"TPM2,MYH11,TAGLN,ACTA2,MYL9,CALD1,MYLK,SPARCL1,TIMP3,RGS5,CNN1,PLN,FHL1,LMOD1,PDGFRB,TNS1,SYNM,ADIRF,ACTG2,COL4A1,NEXN,PRKG1,COL4A2,ITGA7,PDE5A,S100A4,DES,SMTN,TPM1,MYOCD,LDB3,CAV1,KCNMB1,FLNC",census,False
prostate,True,False,Epithelial cells,Basal epithelial cells,epithelial,Epithelial cells,epithelial,"KRT17,KRT15,KRT5,LAMB3,CLDN1,ITGA2,SOX2,ITGB4,TP63,CXCL1,KRT6A,CDH3,FGFR3,CLDN4,EGFR,LAMA5,LAMC2,COL17A1,CXCL8,ITGA6,KRT14,KRT13,DSG3,NGFR,KRT16,CXCL14,KRT6B,WWTR1,KRT23,IL1RN,ANXA1,BNC1,ITGA3,FGFR2,KRT6C,NOTCH1,SPRR1A,HBEGF",census,False
prostate,True,False,Epithelial cells,Luminal epithelial cells,epithelial,Epithelial cells,epithelial,"CD24,KLK3,KLK2,TMPRSS2,AR,AGR2,SPDEF,TSPAN8,KRT18,KRT8,EPCAM,SLC45A3,NKX3-1,FOLH1,HOXB13,GATA3,SLC39A9,TMEFF2,CD38,PSCA,NDRG1,AMACR,FOXA1",census,False
prostate,True,False,Stromal cells,Myofibroblasts,connective,Fibroblast-like,fibroblast_like,"MMP2,SPARC,FN1,COL1A1,PDGFRA,COL3A1,CXCL12,CDH11,IL6,TWIST2,PDGFRB,VIM,S100A4,TWIST1,CXCL13,LOX,SNAI2,FAP,IL11,CCL11,CCL26",census,False
prostate,False,False,Stromal cells,Adipocytes,connective,Adipocytes,adipocyte,"PPARG,PLIN1,AQP7,ADIPOQ,ADH1B,LIPE,PLIN4,LPL,CIDEC,CIDEA,PLIN5,PNPLA2,CAV2,ACACA,LEP,ADIPOQ-AS1,DGAT2,ADIPOR2,KLF15,ANGPTL4,AGPAT2,PCK1,FABP4,PPARGC1A,ANGPTL8,LPIN1,ADIG",v3_curated,True
prostate,False,False,Epithelial cells,Neuroendocrine epithelial cells,epithelial,Neuroendocrine cells,neuroendocrine,"CHGA,SCG2,CALCA,SCG5,ASCL1,SCG3,PCSK2,NCAM1,INSM1,SYP,SOX2,PCSK1,CGA,GNRH2,NEUROD1",census,False
prostate,True,False,Vascular-associated cells,Pericytes,connective,Pericytes,pericyte,"PDGFRB,NOTCH3,FN1,ABCC9,RGS5,COL4A1,EDNRA,COL4A2,COL18A1,TIMP3,MYL9,CSPG4,MCAM,KCNJ8,SERPINH1,CD248,PRRX1,TAGLN,ACTA2,ITGA7",census,False
prostate,True,False,Vascular cells,Lymphatic endothelial cells,connective,Endothelial cells,endothelial,"PTPRB,ENG,KDR,EMCN,COL4A1,NRP2,TEK,COL4A2,NRP1,PECAM1,ESAM,TIE1,RAMP2,EFNB2,RELN,TSPAN7,ITGA9,FLT4,LYVE1,SOX18,MMRN1,GJA4,ADM,AQP1,SOX17,ANGPT2,PDGFB,VEGFC,COL15A1,FOXC1,PROCR,GJA5,FABP4,CCL21",census,False
prostate,False,False,Stromal cells,Stromal fibroblasts,connective,Fibroblast-like,fibroblast_like,"DCN,FBLN1,LUM,IGFBP5,MMP2,SERPINF1,COL1A2,MFAP4,TIMP2,COL14A1,DPT,FN1,SPARC,COL1A1,TIMP1,SERPINE1,BGN,PDGFRA,FBLN2,COL3A1,CXCL12,NID1,GGT5,PDGFRB,VIM,LAMA2,VCAN,THY1,ADAMTS4,S100A4,ANGPTL2,LOX,FAP,CTHRC1,ADAMTS2,GREM1,VEGFD,MMP3",census,False
prostate,False,False,Epithelial cells,Club cells,epithelial,Epithelial cells,epithelial,"KRT19,WFDC2,SCGB1A1,LCN2,SLPI,SCGB3A1,AGR2,KRT8,PIGR,BPIFB1,KRT18,TFF3,CXCL17,KRT7,SERPINB3,MGST1,GSTA1,CYP2F1,PRSS8,SPDEF,UGT2A1,BPIFA1,SERPINB4,AGR3,MMP7,CYP2A13,LTF,ANXA2,CYP2B6,SCGB3A2",census,False
prostate,False,False,Epithelial cells,Hillock cells,epithelial,Epithelial cells,epithelial,"CLDN4,KRT17,KRT5,KRT19,KRT15,JUP,LAMB3,CLDN7,CLDN1,LAMC2,ITGA2,DST,SERPINB5,SOX9,PKP3,EGFR,S100A2,PKP2,PKP1,TP63,KRT13,COL17A1,CEACAM1,KRT16,LAMA3,KRT14",census,False
prostate,False,False,Neuronal cells,Schwann cells,background,Schwann cells,schwann,"CDH19,PMP22,S100B,PLP1,MPZ,NRXN1,NCAM2,NCAM1,SOX10,SOX8,SOX2,FOXD3,DHH,GFAP",census,False
prostate,False,False,Mesothelial cells,Mesothelial cells,epithelial,Mesothelial cells,mesothelial,"UPK3B,WT1,MSLN,GPM6A,LRRN4,KRT8,BMP4,KRT18",census,False
prostate,False,False,Epithelial cells,Tuft (POU2F3⁺) secretory cells,epithelial,Epithelial cells,epithelial,"KRT8,KRT18,KRT19,WFDC2,KRT23,TNFRSF12A,S100A16,SOX9,SPDEF,S100A11,RORC,DNALI1,TNFRSF19,POU2F3,KRT4,TNFRSF11A,SLC52A3,TRPM5,IL1RL1,BCL11A,MUC5B,FOXA2,GNG13,WFDC8,WFDC11,HPSE",census,False
liver,True,False,Epithelial cells,Hepatocytes,epithelial,Epithelial cells,epithelial,"FGB,FGA,FGG,ALDOB,TF,ALB,ASGR1,APOC3,CYP2C9,APOH,CPS1,APOA1,CYP2C8,PCK1,TAT,ARG1,CYP2E1,APOB,APOA2,HPD,CYP2B6,ASS1,APOC1,CYP3A4,ASGR2,SERPINA1,AHSG,TTR,HNF4A,CYP2A6,CYP27A1,SDS,CYP8B1,CYP2D6,APOE,CYP2C19,CYP1A2,OTC,CYP3A7,HNF1A,CYP7A1",census,False
liver,True,False,Epithelial cells,Cholangiocytes,epithelial,Epithelial cells,epithelial,"ANXA4,FGFR2,TM4SF4,CLDN1,KRT7,WWTR1,ONECUT1,CFTR,SPP1,AQP1,KRT8,KRT18,HNF1B,CD24,TACSTD2,SOX9,SLPI,ONECUT2,PROX1,SCTR,EPCAM,CXCL1,MUC6,LCN2,CXCL8,GGT1,MUC5B,KRT19",census,False
liver,True,False,Vascular cells,Liver sinusoidal endothelial cells (LSECs),connective,Endothelial cells,endothelial,"DNASE1L3,FLT1,ENG,IGFBP7,CRHBP,KDR,FCN3,OIT3,STAB1,CDH5,EPAS1,STAB2,F8,MRC1,FCN2,PECAM1,CLEC1B,NRP2,NRP1,CD36,CLEC4M,FLT4,CLEC4G,LYVE1,PLVAP,FCGR2B,EHD3,FAM167B,VWF,TIMP2",census,False
liver,True,False,Stromal cells,Hepatic stellate cells,connective,Fibroblast-like,fibroblast_like,"COL1A2,COL3A1,DCN,COL5A2,COL6A3,COL1A1,BGN,COL4A2,COL5A1,COL6A2,COL4A1,PDGFRB,ACTA2,THBS2,MYL9,FN1,COL6A1,TAGLN,LAMB1,LUM,THY1,MYLK,ASPN,THBS1,RGS5,PRELP,ELN,PDGFRA,NDUFA4L2,FMOD,MCAM,COMP,CNN1,HAND2",census,False
liver,True,False,Stromal cells,Portal fibroblasts,connective,Fibroblast-like,fibroblast_like,"SPARC,COL1A2,COL3A1,DCN,COL1A1,BGN,PDGFRB,FN1,LUM,POSTN,ACTA2,THY1,LTBP2,EMILIN1,ASPN,LOXL2,MMP2,LOXL1,LTBP1,PRELP,TIMP1,ELN,PDGFRA,FMOD,COMP,FBLN2,TIMP2,IL6,MMP3",census,False
liver,True,False,Vascular cells,Lymphatic endothelial cells,connective,Endothelial cells,endothelial,"PTPRB,ENG,KDR,EMCN,COL4A1,NRP2,TEK,COL4A2,NRP1,PECAM1,ESAM,TIE1,RAMP2,EFNB2,RELN,TSPAN7,ITGA9,FLT4,LYVE1,SOX18,MMRN1,GJA4,ADM,AQP1,SOX17,ANGPT2,PDGFB,VEGFC,COL15A1,FOXC1,PROCR,GJA5,FABP4,CCL21",census,False
liver,True,False,Mesothelial cells,Mesothelial cells,epithelial,Mesothelial cells,mesothelial,"UPK3B,WT1,MSLN,GPM6A,LRRN4,KRT8,BMP4,KRT18",census,False
liver,True,False,Vascular-associated cells,Pericytes,connective,Pericytes,pericyte,"PDGFRB,NOTCH3,FN1,ABCC9,RGS5,COL4A1,EDNRA,COL4A2,COL18A1,TIMP3,MYL9,CSPG4,MCAM,KCNJ8,SERPINH1,CD248,PRRX1,TAGLN,ACTA2,ITGA7",census,False
liver,True,True,Stromal cells,Cancer-associated fibroblasts (CAFs),connective,Fibroblast-like,fibroblast_like,"COL1A2,SPARC,COL3A1,DCN,COL5A2,COL1A1,BGN,COL5A1,PDGFRB,ACTA2,THBS2,FN1,LUM,POSTN,FAP,THY1,LTBP2,ASPN,CCN2,CXCL12,LTBP1,PDGFRA,FBLN1,PDGFA,TNC,THBS1,COMP,CCL2,ANGPT2,FBLN2,CXCL14,TGFB2,HGF,IGF1",census,False
liver,False,False,Epithelial cells,Liver progenitor cells (oval cells),epithelial,Basaloid progenitor cells,basaloid_progenitor,"CD34,HHEX,KIT,DVL2,LEF1",census,True
liver,True,True,Malignant epithelial cells,Hepatocellular carcinoma cells,neoplastic,Malignant epithelial cells,malignant_epithelial,"KRT19,EPCAM,CCND1,CD24,CDKN2A",census,False
liver,True,True,Malignant epithelial cells,Cholangiocarcinoma cells,neoplastic,Malignant epithelial cells,malignant_epithelial,"KRT19,CD24,KRT8,EPCAM,AGR2,KRT18,TFF3,TACSTD2,TM4SF1,KRT7,SOX9,WFDC2,S100P,TFF1,MUC1,CEACAM5,LCN2",census,False
liver,False,True,Malignant epithelial cells,Mixed hepatocellular-cholangiocarcinoma cells,neoplastic,Malignant epithelial cells,malignant_epithelial,"KRT19,CD24,EPCAM,AGR2,SOX9,KRT7,WFDC2,TFF1,MUC1",census,False
liver,True,True,Metastatic epithelial cells,Metastatic cancer cells,neoplastic,Malignant epithelial cells,malignant_epithelial,"KRT19,KRT8,CD24,CCND1,EPCAM,KRT18,SOX9,KRT7,CDKN2A,CDH1,MMP7",census,False
liver,True,False,Immune cells,Kupffer cells (liver resident macrophages),inflammatory,Macrophage-like,macrophage_like,"SPI1,HLA-DRA,CD163,C1QA,CSF1R,C1QB,HLA-DRB1,HMOX1,CD14,MAFB,C1QC,CTSB,HLA-DPA1,SLC7A7,HLA-DPB1,CXCL16,FOLR2,MSR1,VSIG4,MARCO,CTSL,IRF8,SLC40A1,LYVE1,CD5L,GPR34,TIMD4,TLR2,P2RY13,TLR4,IL10RA,ICAM1,VCAM1,ITGAM,STAB1,SPIC,APOE,ITGAX,TREM2,IL10RB,LGALS3,ADGRE1,CLEC4F,CCR5",census,False
liver,True,False,Immune cells,Hepatic pit NK cells,inflammatory,Lymphocytes,lymphocyte,"NKG7,CXCR4,KLRB1,PRF1,GZMK,IL2RG,KLRD1,GZMH,RUNX3,IL2RB,GZMB,CCL5,SH2D1A,GNLY,KLRF1,CD160,CXCR6,XCL2,EOMES,XCL1,KLRC1,NCR3,IFNG,SLAMF6,FGFBP2,TBX21,IL18RAP,NCR1,CXCR3,KLRC2,KLRK1,ITGAL,ZNF683",census,False
lung,True,False,Epithelial cells,Alveolar type I pneumocytes,epithelial,Epithelial cells,epithelial,"IGFBP2,AQP5,EMP2,FERMT1,PCDH7,TMEM45B,COL17A1,TMEM45A,CAV2",census,False
lung,True,False,Epithelial cells,Alveolar type II pneumocytes,epithelial,Epithelial cells,epithelial,"KRT18,KRT8,EPCAM,CDH1,RHOV,FMO2,CEACAM6,SLC6A8,ATP8B1,MUC1,SLC4A4,SLC6A20,SFTA3,SLC34A3",census,False
lung,True,False,Epithelial cells,Club cells,epithelial,Epithelial cells,epithelial,"KRT19,WFDC2,SCGB1A1,LCN2,SLPI,SCGB3A1,AGR2,KRT8,PIGR,BPIFB1,KRT18,TFF3,CXCL17,KRT7,SERPINB3,MGST1,GSTA1,CYP2F1,PRSS8,SPDEF,UGT2A1,BPIFA1,SERPINB4,AGR3,MMP7,CYP2A13,LTF,ANXA2,CYP2B6,SCGB3A2",census,False
lung,True,False,Epithelial cells,Ciliated epithelial cells,epithelial,Epithelial cells,epithelial,"DNALI1,CCNO,KIF3B,TPPP3,RSPH1,DNAH5,FOXJ1,CFAP70,DNAH11,HYDIN,IFT57,SPAG6,CFAP43,SPEF2,SPAG17,DNAAF1,TEKT2,TEKT1,DNAH9,AK7,DRC1,CFAP52,CFAP45,DNAJB13,DNAAF3,DNAI2,CCDC65,CFAP44,DNAI1,DRC7,MCIDAS,GMNC",census,False
lung,True,False,Epithelial cells,Basal epithelial cells,epithelial,Epithelial cells,epithelial,"KRT17,KRT15,KRT5,LAMB3,CLDN1,ITGA2,SOX2,ITGB4,TP63,CXCL1,KRT6A,CDH3,FGFR3,CLDN4,EGFR,LAMA5,LAMC2,COL17A1,CXCL8,ITGA6,KRT14,KRT13,DSG3,NGFR,KRT16,CXCL14,KRT6B,WWTR1,KRT23,IL1RN,ANXA1,BNC1,ITGA3,FGFR2,KRT6C,NOTCH1,SPRR1A,HBEGF",census,False
lung,True,False,Epithelial cells,Goblet cells,epithelial,Epithelial cells,epithelial,"AGR2,TFF3,TFF1,WFDC2,ST6GALNAC1,SPDEF,ERN2,GALNT7,REG4,SPINK4,FCGBP,LGALS4,MUC2,MUC4,SERPINA1,ZG16,ATOH1,CLCA1",census,False
lung,False,False,Epithelial cells,Pulmonary ionocytes,epithelial,Epithelial cells,epithelial,"KRT19,KRT8,KRT18,WFDC2,EPCAM,SCNN1B,MSLN,SLC4A11,TMEM213,SCNN1G,ATP6V1C2,SLC4A4,SLC26A9,ATP6V1B1,POU2F3,SLC26A4,BSND,CLCNKB,FOXI1,ASCL3",census,False
lung,False,False,Neuroendocrine cells,Pulmonary neuroendocrine cells,epithelial,Neuroendocrine cells,neuroendocrine,"SCG3,INSM1,CHGA,PCSK1N,SCGN,TAC3,NEUROD1,SCG2,CHGB,SYP,PCSK1,PTPRN2,TUBB3,FEV,ASCL1,DDC,PTPRN,NEUROD2,RAB3C,NCAM1,SYT7,SV2A,DLL3,SYT4,CALCA,GRP,VGF,TPH1,ELAVL3,GAD1,RET,PCSK2,ISL1,SST,PEG10,CALCB,GAD2,LMX1A",census,False
lung,True,False,Vascular cells,Pulmonary capillary endothelial cells,connective,Endothelial cells,endothelial,"CLDN5,RAMP2,PECAM1,VWF,AQP1,CLEC14A,RAMP3,CDH5,ESAM,PTPRB,EMCN,ENG,ACVRL1,FLT1,ADGRL4,TIE1,ICAM2,COL4A2,COL4A1,ERG,CA4,TEK,EDN1,ACKR1,KDR,NOTCH4,PLVAP,KLF4,SOX17,GATA2,ARHGEF15,HEY1,GJA5,RHOJ,APOLD1,NOTCH1,VCAM1,APLNR,SELE,NOS3,KLF2,APLN,NRP1",census,False
lung,True,False,Vascular cells,Pulmonary lymphatic endothelial cells,connective,Endothelial cells,endothelial,"CLDN5,RAMP2,PECAM1,SPARCL1,AQP1,RAMP3,ESAM,ENG,TIE1,SOX18,ITGA5,GATA2,KDR,EFNB2,MMRN1,EDNRB,LYVE1,PDGFB,NPR3,FLT4,CCL21,ANGPT2,ICAM1,GJA4,COL15A1,SELE,CLDN11,VEGFC,PROX1,RELN,GJC2",census,False
lung,True,False,Stromal cells,Adventitial fibroblasts,connective,Fibroblast-like,fibroblast_like,"DCN,COL1A2,COL6A2,FBLN1,LUM,COL6A1,COL3A1,COL1A1,MFAP4,SPARC,TIMP3,COL5A2,ELN,FBN1,COL5A1,PDGFRA,VCAN,COL14A1,FBLN2,SFRP2,CXCL12,IGFBP5,TIMP1,THY1,LOXL1,ADAMTS2,PDGFRB,COL16A1,LOX,COL8A1,POSTN,MFAP5,SFRP1,NID2,CXCL14,PTN,COL15A1,TNC,BMP1,WNT5A,COL11A1,GREM1",census,False
lung,True,False,Stromal cells,Pulmonary lipofibroblasts,connective,Fibroblast-like,fibroblast_like,"COL6A3,ELN,PDGFRA,PDGFRB,VCAN,IGFBP5,THY1,WNT2,IGF1,HSD11B1,IGF2,SFRP1,ADAMTSL2,FGF10,ANGPTL4,CIDEA",census,False
lung,True,False,Stromal cells,Airway smooth muscle cells,connective,Smooth muscle cells,smooth_muscle,"ACTA2,TPM2,TAGLN,CALD1,MYL9,TPM1,MYH11,MYLK,ACTG2,LMOD1,CNN1,DES,SMTN,MYH10,PRKG1,MYOCD,PDE5A,EDNRA,ITGA7,CNN3,KCNMB1,CACNA1C,ITGA8,ROCK2,TPM4,MYL6,CACNA1H,ROCK1,CACNB2,PTGIR,ITGB1,RGS5,SRF,CALM2,MYOZ2,MYLK2",census,False
lung,True,False,Immune cells,Alveolar macrophages,inflammatory,Macrophage-like,macrophage_like,"LYZ,AIF1,MRC1,CD68,MARCO,MSR1,CD163,FCGR2A,GPNMB,APOE,ALOX5,ALOX5AP,CTSD,PPARG,SIRPA,FABP4,ITGAX,CTSB,TREM2,CSF1R,LPL,LILRB4,ITGAM,SIGLEC1,LILRB1,LILRB2,SIRPB1,ABCG1,SIGLEC10,LILRA5,LGALS3,P2RY13,TGFB1,SPP1,SIGLEC7,SIGLEC5,IL10",census,False
lung,True,True,Malignant epithelial cells,Lung adenocarcinoma tumor cells,neoplastic,Malignant epithelial cells,malignant_epithelial,"KRT19,EPCAM,KRT8,KRT18,CCND1,CDH1,ERBB3,MUC1,CEACAM5,ITGB4,EGFR,VEGFA,ERBB2,SOX9,NKX2-1,MUC20,TEAD4,FOXA2,SPP1,RET",census,False
lung,True,True,Malignant epithelial cells,Lung squamous cell carcinoma cells,neoplastic,Malignant epithelial cells,malignant_epithelial,"SOX4,KRT17,KRT6A,LAMB3,CCND1,KRT15,SOX2,KRT5,ITGB4,DSG3,KRT14,LAMC2,DSC2,KRT6B,COL17A1,KRT13,ITGA3,BCL11A,SPRR2D,S100A7,SPRR1A,IVL,CXCL1,MMP13,MMP1",census,False
lung,True,True,Malignant epithelial cells,Small cell lung carcinoma cells,neoplastic,Malignant epithelial cells,malignant_epithelial,"SOX2,ENO2,NEFL,TUBB3,MCM2,CHGB,CALCA,MYCL,SCG2,CALCB,GRP",census,False
lung,False,True,Malignant epithelial cells,Lung large cell neuroendocrine carcinoma cells,neoplastic,Malignant epithelial cells,malignant_epithelial,"EPCAM,KRT18,KRT8,SOX2,TOP2A,TUBB3,BUB1B,CHGB,CALCA,POU2F3,FOXA2,TP53,GRP",census,False
lung,False,True,Malignant neuroendocrine cells,Pulmonary carcinoid tumor cells,neoplastic,Malignant neuroendocrine cells,malignant_neuroendocrine,"KCNK1,GNG4,ADGRG1,PCSK1N,HES6,SYT7,CHGB,CALCA,DDC,FOXA2,POU2F3,PCSK1,GRP,LMX1B",census,False
lung,False,True,Malignant epithelial cells,Pulmonary sarcomatoid carcinoma cells,neoplastic,Malignant epithelial cells,malignant_epithelial,"VEGFA,EGFR,COL1A1,ITGB6,MST1R,ITGB5,TWIST1",census,False
lung,False,True,Malignant epithelial cells,Pulmonary adenoid cystic carcinoma cells,neoplastic,Malignant epithelial cells,malignant_epithelial,"SOX4,ERBB3,ITGB4,EGFR,MMP7,SOX9,MSLN,ITGA2,ITGA3,LAMC1,EN2,FOXI1",census,False
lung,False,True,Malignant epithelial cells,Pulmonary mucoepidermoid carcinoma cells,neoplastic,Malignant epithelial cells,malignant_epithelial,"KRT19,KRT18,KRT8,KRT17,KRT7,MUC1,SOX2,CEACAM5,EGFR,KRT14,KRT5,ERBB2,SOX9,KRT13,MUC4,MUC20,MUC21,MUC5B,MMP7,MUC16,SPDEF,MUC13,KRT6C,HEY2",census,False
ovary,True,False,Epithelial cells,Ovarian surface epithelial cells,epithelial,Epithelial cells,epithelial,"WFDC2,KRT18,KRT8,EPCAM,CLDN3,SLPI,MSLN,MUC1,CD24,DSP,KRT7,KRT19,CLDN4,CLDN7,PAX8,MUC16,SOX17,ITGB4,TACSTD2,DSC2,ERBB3,ITGB8,KRT23,LAMC2,KRT17,LAMB3,MMP7,ERBB4,KRT5,OCLN,KRT6A,FOXA2,ITGB6,FOXA1,KRT6B",census,False
ovary,True,False,Endocrine cells,Granulosa cells,epithelial,Neuroendocrine cells,neuroendocrine,"FOXL2,FSHR,AMH,INHA,INHBA,CYP19A1,CYP11A1,HSD3B2,STAR,NR5A1,ESR2,GATA4,GDF9,BMP15,IGF1,IGF2,FST,SMAD2,SMAD3,ACVR1B,TGFBR3,VCAN,KITLG,SOX9,FOXO1,PTGS2,CXCL12,VCAM1,HSD17B1,HSD17B2,AKR1C1,AKR1C3,TGFBR1,BMPR1A,BMPR1B,BMPR2,SMAD1,SMAD4,SMAD5,SMAD6,SMAD7,ID1,ID3,GJA1,GJA4,CDH2,CDH11,ITGA6,ITGB1,ITGB3",v3_curated,True
ovary,True,False,Endocrine cells,Theca interna cells,epithelial,Neuroendocrine cells,neuroendocrine,"LHCGR,CYP17A1,CYP11A1,HSD3B1,HSD3B2,STAR,NR5A1,AR,IGF1,IGF2,INSR,LEPR,ANGPT1,ANGPT2,PDGFRB,ACTA2,TAGLN,COL1A1,COL3A1,FBLN5,ELN,RGS5,PTGER2,PTGER3,VCAM1,THY1,FOXO1,INSL3,HSD17B3,AKR1C2,AKR1C4,CYP7B1,NR2F2,NR4A1,NR4A2,NR4A3,HAND2,PDGFRA,COL1A2,COL5A1,COL5A2,COL6A1,COL6A2,COL6A3,DCN,LUM,MFAP5,LOX,LOXL1,THBS1",v3_curated,True
ovary,True,False,Stromal cells,Cumulus cells,connective,Fibroblast-like,fibroblast_like,"VCAN,TNFAIP6,HAS2,RARRES2,IGFBP2",census,True
ovary,True,True,Malignant epithelial cells,High-grade serous ovarian carcinoma cells,neoplastic,Malignant epithelial cells,malignant_epithelial,"KRT8,AURKB,KRT18,CDC20,PLK1",census,True
ovary,True,True,Malignant epithelial cells,Ovarian clear cell carcinoma cells,neoplastic,Malignant epithelial cells,malignant_epithelial,"KRT8,KRT18,KRT7,SPP1,PAX8",census,True
ovary,True,True,Malignant epithelial cells,Ovarian endometrioid carcinoma cells,neoplastic,Malignant epithelial cells,malignant_epithelial,"MMP7,DKK1,DKK4,KRT8,MMP1",census,True
ovary,True,True,Malignant epithelial cells,Ovarian mucinous carcinoma cells,neoplastic,Malignant epithelial cells,malignant_epithelial,"MMP7,TFF1,REG1B,KRT20,MMP1",census,True
ovary,False,True,Malignant endocrine cells,Adult granulosa cell tumor cells,neoplastic,Malignant neuroendocrine cells,malignant_neuroendocrine,"CXCL14,SOX9,IGF2,BIRC5,ID1",census,True
ovary,True,False,Endocrine cells,Luteinized granulosa cells,epithelial,Neuroendocrine cells,neuroendocrine,"STAR,CYP11A1,HSD3B2,CYP19A1,LHCGR,FSHR,INHA,INHBA,INHBB,AMH,FOXL2,NR5A1,ESR2,PGR,HAND2,GATA4,KLF9,BMP15,GDF9,KITLG,VCAN,PTX3,PLA2G4A,PTGS2,IL6,CCL2,HSD17B1,HSD17B3,AKR1C1,AKR1C3,AKR1C2,CYP17A1,CYP11B1,CYP11B2,LDLR,SCARB1,NR1H3,PPARG,NR4A1,NR4A2,NR4A3,VEGFA,ANGPT1,ANGPT2,FLT1,KDR,IL1B,CXCL8,TNF,CXCL12",v3_curated,True
ovary,True,False,Epithelial cells,Fallopian tube-like secretory cells,epithelial,Epithelial cells,epithelial,"WFDC2,KRT18,KRT8,EPCAM,CLDN3,SLPI,KRT19,MSLN,MUC1,KRT7,FOLR1,CLDN4,CLDN7,PAX8,MUC16,SOX17,SLC34A2,SPINT1,TACSTD2,ITGB4,ERBB3,EMX2,SPINT2,SOX9,SPDEF,OCLN,AGR3,PAX2,FOXA2,AGR2",census,False
ovary,False,False,Stem/progenitor cells,Ovarian hilum stem-like cells,background,Basaloid progenitor cells,basaloid_progenitor,"ALDH1A1,ALDH1A2,ALDH1A3,LGR5,LGR6,PROM1,CD44,CD24,EPCAM,ITGA6,ITGB4,KRT5,KRT14,SOX9,SOX2,NANOG,POU5F1,KLF4,BMI1,WNT7A,WNT4,AXIN2,TCF7L2,NOTCH1,NOTCH2,DLL1,HES1,HEY1,MKI67,PCNA,TOP2A,CCNB1,CCNB2,CCNA2,CCND1,CCND2,CDK1,CDK2,CDK4,CDK6,PLK1,AURKA,BUB1,BUB1B,E2F1,E2F2,YAP1,WWTR1,TEAD4,LATS1",v3_curated,True
ovary,False,True,Malignant epithelial cells,Low-grade serous ovarian carcinoma cells,neoplastic,Malignant epithelial cells,malignant_epithelial,"MMP1,KRT18,KRT8,FGFR3,SPP1",census,True
ovary,False,True,Malignant mixed cells,Ovarian carcinosarcoma cells,neoplastic,Malignant epithelial cells,malignant_epithelial,"MMP1,KRT8,KRT18,KRT19,EPCAM",census,True
ovary,False,True,Malignant epithelial cells,Small cell carcinoma hypercalcemic type,neoplastic,Malignant epithelial cells,malignant_epithelial,"CALCB,CXCL1,KRT8,KRT18,ASCL1",census,True
ovary,False,True,Stromal cells,Ovarian thecoma cells,connective,Fibroblast-like,fibroblast_like,"COL1A1,COL3A1,COL1A2,THY1,VCAN,COL5A2,THBS2,FAP,COL11A1,COL5A1,POSTN,FN1,LUM,MFAP5,COL6A2,LOX",census,False
ovary,False,False,Germ cells,Primordial oocytes,background,Germ cells,germ_cell,"SYCP3,POU5F1,KHDC3L,DPPA3,NANOS3,DAZL,DDX4,OOEP,FIGLA,NLRP5,ZP3,LHX8,SOHLH2,STAG3,TUBB8,GDF9,SOHLH1,TUBB8B,SMC1B,NANOG,ZP4,ZP2,TDRD12,HORMAD1,TDRD9,NPM2,TDRD5,KIT,SYCP2,SALL4,NOBOX,NANOS1,STRA8,MOS,BMP15,ZP1,HORMAD2,ESRRB,SMC3",census,False
ovary,True,False,Stromal cells,Ovarian stromal fibroblasts,connective,Fibroblast-like,fibroblast_like,"COL3A1,COL1A1,THY1,COL1A2,COL5A2,POSTN,COL11A1,THBS2,FBLN2,MFAP5,CXCL14,LUM,COL6A2,COL5A1,COL6A3,LOX,SPARC",census,False
skin,True,False,Epithelial cells,Basal keratinocytes,epithelial,Epithelial cells,epithelial,"KRT15,COL17A1,KRT14,KRT5,TP63,FERMT1,LAMA3,COL7A1,FGFR3,FGFR2,KLF5,DSC3,WNT7B,ITGB4,ITGA3,EGFR,DSG3",census,False
skin,True,False,Epithelial cells,Suprabasal keratinocytes,epithelial,Epithelial cells,epithelial,"CXCL14,DSC3,ELF3,SPINK5,DSG1,SPRR4,LCE1A,SPRR5,LCE3C",census,False
skin,True,False,Pigment cells,Melanocytes,background,Melanocytes,melanocyte,"DCT,MLANA,PMEL,TYRP1,TYR,GPR143,EDNRB,SLC24A5,GPNMB,MITF,RAB38,RAB32,MYO5A,PAX3,MLPH,OCA2,SOX10,KIT,L1CAM,MC1R,BCL2,HPS3,SLC45A2,S100A1",census,False
skin,True,False,Stromal cells,Dermal fibroblasts,connective,Fibroblast-like,fibroblast_like,"COL6A2,COL1A2,DCN,COL6A1,LUM,COL3A1,COL1A1,MFAP4,FBLN1,COL5A2,SFRP2,COL12A1,COL5A1,PDGFRA,FBN1,THY1,FBLN2,LOX,COL16A1,VCAN,COL14A1,ELN,PDGFRB,EMILIN1,MFAP5,FBN2,POSTN,PDPN,FN1,LOXL1,TGFB3,LOXL2,TNC,GREM1,TIMP3,ITGA11,CCL19,COL8A1,MMP3,LEPR,CCL21",census,False
skin,True,False,Immune cells,Langerhans cells,inflammatory,Macrophage-like,macrophage_like,"SPI1,CD83,CSF1R,HLA-DRA,LYZ,HLA-DRB1,CD86,HLA-DPA1,S100A9,HLA-DPB1,CLEC7A,SIRPA,ITGB2,CCR1,CCL22,IRF5,CLEC10A,CCR7,CLEC4A,ITGAM,LAMP3,CCRL2,CD209,CD80,CCL17,ZBTB46,CCR2,ITGAX,ETS2,NFKB1,CD207",census,False
skin,True,True,Malignant epithelial cells,Cutaneous squamous cell carcinoma cells,neoplastic,Malignant epithelial cells,malignant_epithelial,"PTK2,ERBB2,NOTCH2,MKI67,TGFB2,WWTR1,AURKA,AURKB,BIRC5,S100A7,KRT17",census,False
skin,True,True,Malignant epithelial cells,Basal cell carcinoma cells,neoplastic,Malignant epithelial cells,malignant_epithelial,"CTNNB1,CDK6,CCND1,CDK2,BCL2L1,GLI3,TP53,E2F1,SOX9,PTCH1,LEF1,GLI4,TEAD4,MYCN,E2F2,YAP1",census,False
skin,True,True,Malignant pigment cells,Cutaneous melanoma cells,neoplastic,Malignant melanocytic cells,malignant_melanocytic,"MLANA,S100B,S100A1,SOX10,PMEL,STAT1,TYR,DCT,MYO5A,RAB27A,CCND1,NRP2,SLC24A5,CDK4,MET,NRAS,HK2,MC1R,L1CAM,ITGB3,TYRP1,PTPN11,ANGPT2,SLC45A2,ICAM1,CXCL10,TERT,BCL2A1,SRC,CXCL9",census,False
skin,True,False,Neuroendocrine cells,Merkel cells,epithelial,Neuroendocrine cells,neuroendocrine,"KRT20,INSM1,CHGA,CHGB,SYP,NCAM1,POU2F3,SOX2,ATOH1,ISL1,TUBB3,SV2A,ENO2,NEUROD1,PCSK1,PCSK2,CCKBR,TRPM5,CALCA,SCG2,SCG3,VGF,CALB2,PRPH,KRT40,DLK1,DLL3,SOX11,FEV,LMX1A,LMX1B,NEUROD2,NEUROG3,NKX2-2,NKX2-1,NKX6-1,SST,GHRL,SLC18A1,SLC18A2,SLC17A6,GABRB2,GABRG2,GABRA3,GRIN2B,GRIA2,CACNA1A,CACNA1C,CACNB2,HCN2",v3_curated,True
skin,False,False,Epithelial cells,Eccrine sweat gland secretory cells,epithelial,Epithelial cells,epithelial,"AQP3,CA12,AQP2,KLK5,SLC12A9",census,True
skin,False,False,Stromal cells,Dermal papilla fibroblasts,connective,Fibroblast-like,fibroblast_like,"DCN,LUM,IGFBP5,SFRP2,COL12A1,COL16A1,PDGFRB,WIF1,FGF7,VCAN,IGFBP3,POSTN,GREM2,LAMA4,RSPO3,ADAMTS2,COL23A1,TNC,COL24A1,DKK1,SFRP4,COL8A2,COL11A1,WNT5A,LGR5,GREM1,WNT11,TNFRSF11B,FGF10,COL8A1,MMP3",census,False
skin,False,True,Malignant neuroendocrine cells,Merkel cell carcinoma cells,neoplastic,Malignant neuroendocrine cells,malignant_neuroendocrine,"SOX4,STAT1,CCND1,TP53,TOP2A,EZH2,MKI67,MYC,DNMT3A,CHEK1,CCNB1,BUB1,PLK1,E2F1,AURKA,CHEK2,AURKB,BUB1B,CCNB2,ATM,BIRC5,NCAM1,DNMT1,ATR,CHGA,NOTCH1,MYCN,E2F2,CHGB,SOX11,AURKC",census,False
skin,False,True,Malignant stromal cells,Dermatofibrosarcoma protuberans cells,neoplastic,Fibroblast-like,fibroblast_like,"COL1A2,COL6A2,COL6A1,COL3A1,COL1A1,MMP2,FBLN1,VCAN,PRRX1,COL5A2,COL12A1,COL5A1,FBLN2,CD248,LOX,COL14A1,SPARC,COL16A1,MMP14,PDGFRB,FN1,PDPN,TIMP3,LOXL2,LOXL1,COL23A1,COL24A1,LRRC15,MMP3,CD34",census,False
skin,False,True,Malignant vascular cells,Cutaneous angiosarcoma cells,neoplastic,Malignant endothelial cells,malignant_endothelial,"ROBO1,NRP2,VEGFB,MCAM,TP53,EPHA2,EPHB4,FGF1,TIE1",census,False
skin,False,False,Epithelial cells,Sebaceous gland sebocytes,epithelial,Epithelial cells,epithelial,"KRT18,KRT8,KRT7,LCN2,FOXA2",census,True
skin,False,False,Stem/progenitor cells,Hair follicle bulge stem cells,background,Basaloid progenitor cells,basaloid_progenitor,"KRT15,KRT5,KRT14,COL17A1,WNT7B,KRT19,LAMA3",census,False
pancreas,True,False,Endocrine cells,Beta cells,epithelial,Neuroendocrine cells,neuroendocrine,"INS,PCSK1,PCSK2,PDX1,MAFA,MAFB,NEUROD1,NEUROG3,ISL1,ISL2,NKX6-1,NKX2-2,SLC2A2,SLC30A8,PCSK1N,CHGA,CHGB,UCHL1,STX1A,SNAP25,SYT4,KCNJ11,ABCC8,CACNA1A,CACNA1D,CACNA1C,CACNA1H,ATP1A1,ATP1B1,ATP2A2,FFAR1,GCK,FOXA2,GATA4,GATA6,RFX6,MNX1,IAPP,PTPRN,PTPRN2,PCBD1,SLC16A1,GLP1R,INSR,IRS1,IRS2,AKT2,MTNR1B,KLF11,HNF1A",v3_curated,True
pancreas,True,False,Endocrine cells,Alpha cells,epithelial,Neuroendocrine cells,neuroendocrine,"GCG,IRX2,ARX,CRH,TTR,SLC7A2,GC",census,False
pancreas,True,False,Endocrine cells,Delta cells,epithelial,Neuroendocrine cells,neuroendocrine,"PCSK2,CHGB,CHGA,PTPRN2,PTPRN,PCSK1N,ABCC8,SNAP25,SYT7,NEUROD1,STAT3,RGS4,SSTR2,MAFB,ARX,GAD2,CACNA1D,ISL1,STAT5B,RAB3A,RGS5,TCF7L2,KCNJ11,DLL1,DLL3,FOXA2,GHSR,CACNA1G,SSTR5,HHEX,TSPAN1,NOTCH1,CALB1,RGS16,RBP4,PCSK1,SLC17A6,THSD7A,GAD1",census,False
pancreas,True,False,Endocrine cells,PP/gamma cells,epithelial,Neuroendocrine cells,neuroendocrine,"PCSK2,CHGB,CHGA,GNAS,PTPRN2,PCSK1N,PTPRN,SLC30A8,VAMP2,ABCC8,SNAP25,SYT4,PAX6,STXBP1,SYT7,NEUROD1,STAT3,RGS4,PCBD1,SSTR2,MAFB,STX1A,GPR119,ARX,ISL1,NCAM1,UCHL1,STAT5B,TCF7L2,KCNJ11,FOXA2,CALCB,CALCA,VIP,HHEX,CARTPT,TSPAN1,RBP4,PCSK1,NKX2-2,PCSK6,FFAR1,RGS16",census,False
pancreas,True,False,Exocrine cells,Acinar cells,background,Epithelial cells,epithelial,"CPA2,CEL,CELA3A,GP2,CTRC,SYCN,CELA3B,CPB1,CPA1,CLPS,SPINK1,RBPJL,REG1A,PNLIP,CTRB2,CELA2B,PRSS3,CTRB1,REG3G,CELA2A,AMY2A,NR5A2,CTRL,PNLIPRP1,REG1B,AMY2B,PRSS1,PRSS2,REG3A,CLPSL1,PTF1A,REG4,PNLIPRP2,CELP,BHLHA15,CPA4,CLPSL2,CPA3",census,False
pancreas,True,False,Exocrine cells,Ductal cells,background,Epithelial cells,epithelial,"SLC4A4,CFTR,ANXA4,KRT19,TACSTD2,MMP7,KRT7,LGALS3,CLDN10,TSPAN8,SPP1,CLDN4,KRT18,SOX9,KRT8,ANXA2,CA2,ONECUT1,MUC20,SCNN1A,KLF5,ERBB2,ERBB3,HNF1B,KRT23,ATP1A1,ONECUT2,LYPD1,WFDC2,KCNJ15,MUC6,AGR2,CLDN23,SLC34A2,AGR3,TJP3,OCLN,CEACAM6,GJB1,ERBB4,SCNN1G,S100P,MSLN,CEACAM5,GJB2,MUC4,SLC12A2",census,False
pancreas,True,False,Stromal cells,Pancreatic stellate cells,connective,Fibroblast-like,fibroblast_like,"COL6A3,THBS1,DCN,FBN1,COL6A2,FBLN1,COL15A1,PDGFRB,PDGFRA,COL1A2,MMP2,COL5A2,SMAD3,COL6A1,COL5A1,THBS2,COL16A1,COL3A1,TGFBR2,GREM2,COL18A1,AEBP1,FBLN2,VCAN,CXCL12,TAGLN,ELN,ITGA11,LOX,COL14A1,PDPN,COL1A1,SERPINH1",census,False
pancreas,True,True,Malignant epithelial cells,Pancreatic ductal adenocarcinoma cells,neoplastic,Malignant epithelial cells,malignant_epithelial,"KRAS,TP53,SMAD4,CDKN2A,MUC1,MUC4,KRT19,EPCAM,CEACAM5,CEACAM6,CLDN18,TFF1,AGR2,AGR3,LGALS3,SPP1,MSLN,MMP2,MMP9,MMP14,ITGA5,ITGB1,ITGA6,ITGB4,FN1,VCAN,COL11A1,COL12A1,COL5A1,CD274,VEGFA,ANGPT2,TGFB1,STAT3,MYC,SOX9,FOXA2,HNF1B,AXL,MET,YAP1,TEAD4,CTNNB1,TNC,SPARC,S100A10,S100A11,S100A16,CXCL8,CXCL1",v3_curated,True
pancreas,True,True,Malignant endocrine cells,Pancreatic neuroendocrine tumor cells,neoplastic,Malignant neuroendocrine cells,malignant_neuroendocrine,"CHGA,CHGB,SYP,INSM1,ASCL1,ISL1,NEUROD1,NEUROG3,PCSK1,PCSK2,NCAM1,CDH1,CDH2,CDH3,VEGFA,FGFR1,FGFR2,RET,PDGFRB,CD56,TP53,MEN1,DAXX,ATRX,TSC2,MTOR,PTEN,AKT1,AKT2,SOX2,SOX4,EZH2,FOXA2,FOXA1,DLL3,AURKA,MKI67,TOP2A,BIRC5,CCNB1,CDK1,E2F1,NRAS,KRAS,MAP2K1,STAT3,STAT1,CXCR4,CXCL12,SSTR2",v3_curated,True
pancreas,False,True,Malignant epithelial cells,Pseudopapillary neoplasm cells,neoplastic,Malignant epithelial cells,malignant_epithelial,"CTNNB1,LEF1,TCF7L2,GLI1,GLI3,PTCH1,SMO,AXIN2,LGR5,SOX9,SOX17,CDH1,EPCAM,CLDN6,CLDN7,MSLN,SPP1,MUC16,TLE1,TLE3,BCL9,BCL2,CCND1,CDK6,MYC,FOXL2,NR5A2,LRP6,TGFBR2,SMAD3,BCL2L1,AKT1,AKT2,PGR,ESR1,VIM,CXCL8,IL8,MMP7,MMP9,MMP14,COL1A1,COL3A1,FN1,TNC,ITGA5,ITGB1,ITGB3,CD44,ALDH1A1",v3_curated,True
pancreas,True,False,Epithelial cells,Centroacinar cells,epithelial,Epithelial cells,epithelial,"TACSTD2,NR5A2,SLC4A4,RBPJL,CFTR,CD44,EGFR,KRT19,ONECUT1,ERBB3,CD24,SOX9,NOTCH2,KLF5,TSPAN8,JAG1,PROM1,SOX4,KRT18,HNF1B,FGFR2,CLDN4,KRT8,OCLN,GATA6,PROM2,SPP1,MSLN,FGF10,CLDN18",census,False
pancreas,False,False,Epithelial cells,Pancreatic tuft cells,epithelial,Epithelial cells,epithelial,"TACSTD2,CFTR,SOX9,SOX4,NOTCH2,CXCL2,KRT18,KRT8,KRT23,B3GNT7,REG4,KRT17,SOX11,SPP1,SLC52A3,POU2F3,CXCL8,ATOH1,RGS13",census,False
pancreas,True,False,Stromal cells,Activated inflammatory stellate cells,connective,Fibroblast-like,fibroblast_like,"COL6A3,TIMP3,COL6A2,SLC2A3,PDGFRB,PDGFRA,MMP2,SMAD3,COL1A2,COL5A2,COL6A1,COL12A1,STAT3,COL5A1,TGFBR2,VCAN,COL3A1,AEBP1,CXCL12,LOX,LOXL2,COL14A1,SPARC,IL33,COL1A1,IL6,CCL2,THY1,S100A4",census,False
pancreas,True,False,Stromal cells,Activated myofibroblastic stellate cells,connective,Fibroblast-like,fibroblast_like,"DCN,FBN1,COL6A2,FBLN5,PDGFRB,SMAD3,COL12A1,COL6A1,PRRX1,COL5A1,COL1A2,TGFBR2,COL16A1,COL3A1,TAGLN,ELN,ITGA11,LOX,VCL,PRRX2,MYLK,ADAM12,TPM2,ITGB5,PALLD,SMTN,TPM4,COL1A1",census,False
pancreas,False,True,Epithelial cells,Acinar-to-ductal metaplasia cells,epithelial,Epithelial cells,epithelial,"TACSTD2,NR5A2,REG1A,KRT7,CFTR,ERBB3,KRT19,EGFR,LCN2,YAP1,MMP7,MUC1,SOX9,NOTCH2,REG3A,ERBB2,HNF1B,LAMB3,KRT18,TEAD2,CLDN4,KRT8,CXCL1,MUC6,ITGB4,KRT23,LAMC2,AGR2,CXCL8,CXCL3,DUOX2,AGR3,KRT17,SPP1,MSLN,FOSL1,SPDEF,CLDN18,CXCL10",census,False
pancreas,False,True,Malignant epithelial cells,Pancreatic acinar cell carcinoma cells,neoplastic,Malignant epithelial cells,malignant_epithelial,"PRSS1,PRSS2,CPA1,CPA2,CPB1,CTRB1,CTRB2,CTRC,SPINK1,SPINK2,NR5A2,BCL10,SOX9,ARID1A,APC,CTNNB1,MYC,TP53,BRAF,RB1,MMP2,MMP9,ITGA5,ITGB1,MSLN,CEACAM5,EPCAM,KRT8,KRT18,KRT19,CEL,CELA3A,CELA2A,PRSS3,REG1A,REG1B,REG4,PTF1A,BHLHA15,RBPJL,GP2,S100P,S100A6,KRAS,SMAD4,CDH1,CDH2,VIM,COL1A1,COL3A1",v3_curated,True
pancreas,False,True,Malignant epithelial cells,Pancreatoblastoma cells,neoplastic,Malignant epithelial cells,malignant_epithelial,"AFP,SALL4,DLK1,DLX2,PRSS1,SPINK1,TRY4,KRT8,KRT18,KRT19,SOX9,CTNNB1,AXIN2,MSLN,EPCAM,SPP1,GPC3,IGF2,MDM2,MKI67,TOP2A,BIRC5,MYC,ARF6,NR5A2,POU5F1,LIN28B,HMGA2,CDH1,CDH2,VIM,PDPN,COL1A1,COL3A1,COL5A1,FGF2,FGFR1,FGFR2,FGFR3,VEGFA,ANGPT2,CXCL8,CXCL10,CXCL12,CXCR4,CXCR7,STAT3,STAT5B,SMAD2,SMAD3",v3_curated,True
pancreas,False,True,Malignant mixed cells,MiNEN (mixed neuroendocrine-nonneuroendocrine) tumor cells,neoplastic,Malignant mixed tumor cells,malignant_mixed,"CHGA,SYP,INSM1,ASCL1,ISL1,NEUROD1,PCSK1,PCSK2,NCAM1,KRT19,KRT8,KRT18,MUC1,MUC4,EPCAM,CEACAM6,KRAS,TP53,SMAD4,CDKN2A,MEN1,DAXX,ATRX,SOX9,FOXA2,MYC,STAT3,VEGFA,PDGFRB,RET,FGFR1,FGFR2,EGFR,ERBB2,ERBB3,MTOR,AKT1,AKT2,BIRC5,MKI67,TOP2A,DLL3,SSTR2,SSTR5,KIT,CD274,PDCD1LG2,CXCL8,CXCL10,CCL2",v3_curated,True
tonsil,True,False,Epithelial cells,Stratified squamous epithelial cells,epithelial,Epithelial cells,epithelial,"EPCAM,CDH1,ELF3,KRT10,ITGB1,CLDN4,GRHL1,TGM3,DSC3,KRT17,SPRR2D,SPRR1A,KRT14,S100A7,SPRR2F,SBSN,KRT4,SPRR1B,IL36G",census,False
tonsil,True,False,Germinal center cells,Germinal center B cells,background,Lymphocytes,lymphocyte,"MS4A1,CD37,TNFRSF13C,BLK,CD19,FCER2,BANK1",census,False
tonsil,True,False,Immune cells,T follicular helper cells,inflammatory,Lymphocytes,lymphocyte,"CD3G,CD3E,SIT1,CD247,CTLA4,CD27,CXCR5,PDCD1,CD40LG,LCK",census,False
tonsil,True,False,Immune cells,Plasma cells,inflammatory,Plasma cells,plasma_cell,"MZB1,JCHAIN,FKBP11,XBP1,IGKC,ITM2C,HSP90B1,TNFRSF17,SSR4,CD38,DERL3,TENT5C,PDIA4,TXNDC5,IGLC2,SLAMF7,PDIA6,HSPA5,CRELD2,SEL1L,PRDM1,SEC61B,IRF4,IGHA1,SDC1,CALR,IGHG1,TNFRSF13B,CD27,PPIB,IGHG3,IGHG4,HYOU1,IGHG2,IGHA2,SLC39A7,CCR10,CANX,IGHM,IL6R,TMEM109,BIRC3,CXCR4",census,False
tonsil,True,False,Immune cells,Memory T cells,inflammatory,Lymphocytes,lymphocyte,"CD3E,LCK,SELL,CD3D,CTLA4,ZAP70,CD247",census,False
tonsil,True,False,Vascular cells,Tonsillar high endothelial venules,connective,Endothelial cells,endothelial,"VWF,ERG,PTPRB,PECAM1,TJP1,EMCN,NRP1,ENG,FLT1,CDH5,TEK,PLVAP,KDR,TIE1,CLDN5,JAG1,ESAM,SPNS2,RAMP2,ANGPT2,ST3GAL6,VCAM1,ACKR1,DLL4,NOS3,SELP,PROX1,CXCL12,EDNRB,KLF4,SELE,GATA2,SOX7,HEY1,CCL21,SOX17,ACKR4,RGS5,MADCAM1,B3GNT3,CHST4",census,False
tonsil,False,True,Immune cells,Mantle cell lymphoma cells,neoplastic,Hematologic blasts,hematologic_blast,"SOX11,CCND1,TOP2A,BIRC5,MKI67",census,True
tonsil,False,True,Immune cells,Diffuse large B-cell lymphoma cells,neoplastic,Hematologic blasts,hematologic_blast,"CDK6,TNFRSF8,PTEN,TOP2A,BCL2",census,True
tonsil,True,False,Epithelial cells,Crypt M cells,epithelial,Epithelial cells,epithelial,"KRT18,KRT8,MARCKSL1,MARCKS,EPCAM,SOX9,KRT19,TJP1,CLDN4,ITGA3,MUC1,LAMB3,ITGB6,MUC4,DLL4,ITGB4,CLDN18,GP2",census,False
tonsil,True,False,Immune cells,Plasmacytoid dendritic cells,inflammatory,Macrophage-like,macrophage_like,"CD36,KLF4,OAS1,CD86,SLC15A3,IRF5,HLA-DRA,HLA-DRB1,HLA-DPB1,HLA-DPA1,TLR7,SIGLEC1,IFI27,LILRA4,CLEC4C",census,False
tonsil,True,False,Innate lymphoid cells,ILC3-like cells,background,Lymphocytes,lymphocyte,"CXCR5,NCR3,CXCR6,CXCL13,LTB",census,True
tonsil,True,False,Immune cells,Resident-memory T cells (TRM),inflammatory,Lymphocytes,lymphocyte,"PRF1,GZMA,GZMH,FASLG,PVRIG",census,False
tonsil,True,False,Stromal cells,Follicular dendritic cells,connective,Fibroblast-like cells,fibroblast_like,"COL6A3,COL1A2,COL3A1,COL6A2,ITGAV,FN1,COL1A1,TNC,COL6A1,COL5A1,SPARC,VCAM1,LUM,CLU,POSTN,PDPN,FBLN1,MMP2,FDCSP,ELN,TNXB,APP,TNFSF13B",census,False
lymph_node,True,False,Stromal cells,Follicular dendritic cells,connective,Fibroblast-like cells,fibroblast_like,"COL6A3,COL1A2,COL3A1,COL6A2,ITGAV,FN1,COL1A1,TNC,COL6A1,COL5A1,SPARC,VCAM1,LUM,CLU,POSTN,PDPN,FBLN1,MMP2,FDCSP,ELN,TNXB,APP,TNFSF13B",census,False
lymph_node,True,False,Stromal cells,Fibroblastic reticular cells,connective,Fibroblast-like,fibroblast_like,"COL6A3,COL5A2,COL3A1,COL1A2,COL6A2,LAMA4,FN1,LAMC1,COL1A1,COL6A1,TNC,PDGFRA,PDGFRB,DCN,COL5A1,FAP,SPARC,IL15,CXCL12,LUM,VCAM1,ACTA2,TIMP1,POSTN,IL7,FBLN1,PDPN,IL33,TAGLN,CXCL9,CCL19,MMP2,ITGA11,FBLN2,TNFRSF11B,MMP14,LAMB2,CCL21,TNFSF11,ELN,ITGA8,ITGA7,SMAD3",census,False
lymph_node,True,False,Immune cells,Paracortical T cells,inflammatory,Lymphocytes,lymphocyte,"CD3E,CD3G,CD3D,ZAP70,LAT,SELL,TIGIT,EOMES,TBX21,PDCD1",census,False
lymph_node,True,False,Immune cells,Medullary sinus macrophages,inflammatory,Macrophage-like,macrophage_like,"CTSB,ITGAX,LILRB4,GPNMB,TLR2,CSF1R,TLR4,APOE,CD163,SLC7A7,PLAUR,MERTK,TYROBP,CTSL,CD68,FCER1G,C1QB,C1QA,CD14,LIPA,CTSD,C1QC,ITGAM,HMOX1,MS4A7,MSR1,SIGLEC1,MRC1,CSF2RB,LGALS3,AIF1,CCL3,VSIG4,CCL18,SERPING1,PLAU,STAB1,FCGR3A,CD36,SLC11A1,SLC40A1,MARCO,FCGR1A,TLR8,CFD,GAS6,FOLR2,NLRP3,LILRB5,PDGFB",census,False
lymph_node,True,False,Immune cells,Subcapsular sinus macrophages,inflammatory,Macrophage-like,macrophage_like,"SYK,LILRB4,GPNMB,ITGAX,STAT1,CIITA,NRP2,CSF1R,LGMN,ICAM1,PLAUR,MERTK,PDCD1LG2,TYROBP,C1QB,STAT2,CD68,FCER1G,CD274,C1QA,HLA-DRB1,C1QC,MSR1,ITGAM,SIGLEC1,HLA-DRA,PLAU,CXCL9,HLA-DPB1,AIF1,FCGR1A,VAV1,CXCL16,CSF2RB,FCGR3A,HLA-DPA1,ITGB2,CXCL10,LILRB5,MX1,SPP1,CD209,PDPN,LYVE1,IFITM3,FCGR2B,CLEC4G,CSF2RA,ISG15",census,False
lymph_node,True,False,Immune cells,Plasmacytoid dendritic cells,inflammatory,Macrophage-like,macrophage_like,"CD36,KLF4,OAS1,CD86,SLC15A3,IRF5,HLA-DRA,HLA-DRB1,HLA-DPB1,HLA-DPA1,TLR7,SIGLEC1,IFI27,LILRA4,CLEC4C",census,False
lymph_node,True,False,Immune cells,ILC3-like innate lymphoid cells,inflammatory,Lymphocytes,lymphocyte,"LTB,EOMES,CXCR5,NCR3,BCL11B",census,True
lymph_node,False,True,Immune cells,Hodgkin Reed-Sternberg cells,neoplastic,Hematologic blasts,hematologic_blast,"JAK2,VCAM1,TNFRSF8,IL5,XPO1",census,True
lymph_node,False,True,Immune cells,Follicular lymphoma cells,neoplastic,Hematologic blasts,hematologic_blast,"CDK6,MME,TOP2A,EP300,CREBBP",census,True
lymph_node,False,True,Immune cells,Nodal marginal zone lymphoma cells,neoplastic,Hematologic blasts,hematologic_blast,"EBF1,CDK6,CD200,KMT2C,MKI67,BIRC5",census,False
lymph_node,True,False,Immune cells,Resident-memory T cells (TRM),inflammatory,Lymphocytes,lymphocyte,"PRF1,GZMA,GZMH,FASLG,PVRIG",census,False
